-3.408377647399902344e+00,2.198142766952514648e+00,-3.061631917953491211e+00
-3.195642709732055664e+00,2.322562932968139648e+00,-1.798439383506774902e+00
-3.467276811599731445e+00,7.967449426651000977e-01,-2.069276571273803711e+00
-8.948159217834472656e-01,2.768597602844238281e+00,2.233997583389282227e+00
-3.127182722091674805e+00,1.498288214206695557e-01,2.561604976654052734e+00
-1.152496457099914551e+00,2.555785655975341797e+00,2.356977462768554688e+00
-3.457753419876098633e+00,1.259920120239257812e+00,-2.217738330364227295e-02
-3.070697784423828125e+00,1.730630844831466675e-01,2.605937719345092773e+00
-1.776718974113464355e+00,-2.549049854278564453e-01,2.871988296508789062e+00
-3.644186019897460938e+00,1.965733408927917480e+00,-2.768767595291137695e+00
-3.520986080169677734e+00,2.031290769577026367e+00,-2.138556718826293945e+00
-3.462135791778564453e+00,-1.422079056501388550e-01,7.311009168624877930e-01
-1.767741918563842773e+00,-4.474317729473114014e-01,-3.651788234710693359e+00
2.508536577224731445e-01,-5.604378700256347656e+00,-6.874445915222167969e+00
-2.777807712554931641e+00,3.017850518226623535e-01,2.795183897018432617e+00
-1.315905809402465820e+00,2.803102493286132812e+00,1.589448213577270508e+00
-3.463531970977783203e+00,-4.459191560745239258e-01,-3.179903984069824219e+00
-3.151911497116088867e+00,-2.486034631729125977e+00,-3.750758647918701172e+00
-3.285440444946289062e+00,8.640800118446350098e-01,1.095765233039855957e+00
-8.948153257369995117e-01,2.768597126007080078e+00,2.233997821807861328e+00
-3.182933568954467773e+00,2.344244241714477539e+00,-1.420603394508361816e+00
-3.611210584640502930e+00,2.508680343627929688e+00,-2.887477874755859375e+00
-1.074708342552185059e+00,2.995508432388305664e+00,2.055524826049804688e+00
-3.801303386688232422e+00,1.948023438453674316e+00,-1.793696522712707520e+00
-1.167317390441894531e+00,2.568778276443481445e+00,2.306456327438354492e+00
-3.433375597000122070e+00,2.994097709655761719e+00,-2.817667484283447266e+00
-2.838771104812622070e+00,2.233666896820068359e+00,-9.247699379920959473e-01
-2.659496068954467773e+00,1.803377151489257812e+00,-3.123773574829101562e+00
-1.594732999801635742e+00,2.843763113021850586e+00,1.503922820091247559e+00
-3.212663888931274414e+00,2.463211536407470703e+00,-2.190518379211425781e+00
-1.128902196884155273e+00,2.497852563858032227e+00,2.348505258560180664e+00
-1.564566731452941895e+00,2.429632902145385742e+00,1.756957292556762695e+00
-1.878909111022949219e+00,2.540176630020141602e+00,1.687370777130126953e+00
-1.553407192230224609e+00,2.456545352935791016e+00,1.800499320030212402e+00
3.746413886547088623e-01,-2.687218666076660156e+00,-3.947130739688873291e-01
-2.421202421188354492e+00,-9.825192689895629883e-01,-1.880513727664947510e-01
-9.326757192611694336e-01,2.818120479583740234e+00,2.272895812988281250e+00
-1.806254386901855469e+00,3.099686145782470703e+00,1.140999555587768555e+00
-2.465261697769165039e+00,1.774121761322021484e+00,-8.209543228149414062e-01
-1.607235550880432129e+00,2.974535942077636719e+00,1.363085508346557617e+00
-9.326757788658142090e-01,2.818120479583740234e+00,2.272896289825439453e+00
-1.780769109725952148e+00,-2.350188046693801880e-01,2.887446165084838867e+00
-1.638702630996704102e+00,2.803894758224487305e+00,1.488570213317871094e+00
-1.908359766006469727e+00,2.458220243453979492e+00,1.721478819847106934e+00
-9.326759576797485352e-01,2.818120956420898438e+00,2.272896528244018555e+00
-1.735505700111389160e+00,2.677952051162719727e+00,1.631840825080871582e+00
-1.685159683227539062e+00,3.075396537780761719e+00,1.097507715225219727e+00
-2.118545055389404297e+00,2.381094217300415039e+00,1.385638475418090820e+00
-1.852202296257019043e+00,2.966563224792480469e+00,1.139046907424926758e+00
-1.122818827629089355e+00,2.594232320785522461e+00,2.298475265502929688e+00
-1.796101927757263184e+00,-2.228637337684631348e-01,2.898700237274169922e+00
-1.795188069343566895e+00,2.677462816238403320e+00,1.423082470893859863e+00
-1.630524873733520508e+00,3.110754251480102539e+00,1.285256147384643555e+00
-1.564566850662231445e+00,2.429633378982543945e+00,1.756957411766052246e+00
1.445281744003295898e+00,1.607562661170959473e+00,2.604621171951293945e+00
-1.238288283348083496e+00,-4.888706803321838379e-01,-3.613664627075195312e+00
-1.068783879280090332e+00,2.719358444213867188e+00,2.230149745941162109e+00
-3.308163881301879883e+00,1.843668073415756226e-01,9.834327697753906250e-01
-3.754417896270751953e+00,1.807879328727722168e+00,-1.489930391311645508e+00
-3.451978683471679688e+00,5.101314187049865723e-01,9.542021155357360840e-01
-1.140183091163635254e+00,2.510947227478027344e+00,2.336582183837890625e+00
-1.908360362052917480e+00,2.458220243453979492e+00,1.721478581428527832e+00
-1.705873966217041016e+00,2.761307716369628906e+00,1.468693494796752930e+00
-1.950217604637145996e+00,2.410796642303466797e+00,1.678984761238098145e+00
-1.762320518493652344e+00,-2.992228865623474121e-01,2.853102445602416992e+00
-3.466132879257202148e+00,1.910414695739746094e+00,-1.554235577583312988e+00
-1.084300875663757324e+00,3.467692375183105469e+00,1.642837643623352051e+00
-1.238288164138793945e+00,-4.888704121112823486e-01,-3.613664865493774414e+00
-1.773035287857055664e+00,2.659748792648315430e+00,1.603650569915771484e+00
-3.742628335952758789e+00,2.007381200790405273e+00,-1.695408582687377930e+00
-3.808385133743286133e+00,1.623432755470275879e+00,-1.412774324417114258e+00
-1.831384062767028809e+00,2.433020919561386108e-01,-3.499651670455932617e+00
-1.762320399284362793e+00,-2.992222309112548828e-01,2.853101968765258789e+00
-1.116616964340209961e+00,2.514832496643066406e+00,2.329897642135620117e+00
-1.781334757804870605e+00,2.849668264389038086e+00,1.502803802490234375e+00
-3.221437931060791016e+00,1.246976494789123535e+00,-5.920554995536804199e-01
-2.034000396728515625e+00,5.917340517044067383e-01,-3.343360900878906250e+00
-1.950217366218566895e+00,2.410796165466308594e+00,1.678984403610229492e+00
-1.666839599609375000e+00,3.097447872161865234e+00,1.318716764450073242e+00
-1.762320756912231445e+00,-2.992220222949981689e-01,2.853101968765258789e+00
-3.642332553863525391e+00,2.209517955780029297e+00,-2.012533426284790039e+00
-3.316516399383544922e+00,2.000379323959350586e+00,-1.095332503318786621e+00
-3.541996717453002930e+00,8.377519845962524414e-01,3.564685285091400146e-01
-3.948456287384033203e+00,1.852978348731994629e+00,-2.221776485443115234e+00
-1.762320518493652344e+00,-2.992224395275115967e-01,2.853102445602416992e+00
-3.675505638122558594e+00,8.110517859458923340e-01,-1.379466205835342407e-01
-1.790380835533142090e+00,-1.478824317455291748e-01,2.889260768890380859e+00
-1.976594924926757812e+00,8.558126688003540039e-01,1.480539917945861816e+00
-1.762320399284362793e+00,-2.992222011089324951e-01,2.853101730346679688e+00
-1.762320280075073242e+00,-2.992224395275115967e-01,2.853102207183837891e+00
-2.516267538070678711e+00,1.138169884681701660e+00,-2.633027791976928711e+00
-3.547566175460815430e+00,2.307451725006103516e+00,-1.829149127006530762e+00
-3.134943723678588867e+00,8.213140368461608887e-01,1.151498436927795410e+00
-3.929467201232910156e+00,1.830798029899597168e+00,-2.123767614364624023e+00
-1.762320280075073242e+00,-2.992223203182220459e-01,2.853101968765258789e+00
-2.193299531936645508e+00,-2.136530280113220215e-01,-3.938629388809204102e+00
-1.758919119834899902e+00,-2.696678936481475830e-01,2.858867645263671875e+00
-2.944328546524047852e+00,2.448243856430053711e+00,-1.780691742897033691e+00
-3.854160070419311523e+00,2.248466968536376953e+00,-2.333205938339233398e+00
-1.758919477462768555e+00,-2.696686089038848877e-01,2.858868360519409180e+00
-2.407758682966232300e-01,-4.590775966644287109e+00,2.025950670242309570e+00
-1.963953137397766113e+00,-1.631366610527038574e+00,2.398926258087158203e+00
1.829906105995178223e+00,1.413896322250366211e+00,4.450966835021972656e+00
2.639011383056640625e+00,-1.418420791625976562e+00,4.509437084197998047e+00
5.262823700904846191e-01,-2.915116310119628906e+00,3.062828063964843750e+00
2.234476327896118164e+00,-2.228684663772583008e+00,2.560268163681030273e+00
-1.125288248062133789e+00,-2.360856533050537109e+00,2.946183443069458008e+00
6.665254235267639160e-01,-4.368229806423187256e-01,4.453861713409423828e+00
6.485939621925354004e-01,-4.864322662353515625e+00,3.063801527023315430e+00
2.867106437683105469e+00,-4.051515579223632812e+00,3.470023632049560547e+00
4.610816955566406250e+00,1.260825157165527344e+00,5.154544353485107422e+00
8.228475570678710938e+00,-8.357481956481933594e+00,1.998899877071380615e-01
5.840854346752166748e-02,-3.124240398406982422e+00,2.075117349624633789e+00
2.590454578399658203e+00,-4.074437618255615234e+00,4.764766216278076172e+00
5.441892147064208984e+00,-5.421099662780761719e+00,-2.664420127868652344e+00
1.976774334907531738e+00,-4.022793292999267578e+00,-4.670531749725341797e-01
1.026358842849731445e+00,5.471434444189071655e-02,2.699758768081665039e+00
8.200839757919311523e-01,-5.406461715698242188e+00,1.622737169265747070e+00
1.596495151519775391e+00,1.332367777824401855e+00,4.337578773498535156e+00
1.424236774444580078e+00,-2.908024311065673828e+00,3.480998754501342773e+00
6.485937237739562988e-01,-4.864322662353515625e+00,3.063801765441894531e+00
7.095513343811035156e+00,1.861838579177856445e+00,6.683451175689697266e+00
8.987622857093811035e-01,-5.682793617248535156e+00,1.753932714462280273e+00
2.374389886856079102e+00,-4.482245922088623047e+00,3.787754535675048828e+00
8.595754392445087433e-03,-5.866080284118652344e+00,1.728195786476135254e+00
5.271741390228271484e+00,-3.391261816024780273e+00,2.165109157562255859e+00
-2.849461734294891357e-01,-2.520012378692626953e+00,1.122624397277832031e+00
-1.515765190124511719e+00,-2.147999286651611328e+00,2.625813722610473633e+00
1.041389703750610352e+00,-2.043086051940917969e+00,3.587449073791503906e+00
1.930776983499526978e-01,-5.670806884765625000e+00,-3.159840404987335205e-01
-3.311400651931762695e+00,4.256560504436492920e-01,1.822525858879089355e+00
7.993332147598266602e-01,-1.470385551452636719e+00,3.421486139297485352e+00
2.396015077829360962e-01,-3.065225601196289062e+00,2.852859735488891602e+00
3.297129392623901367e+00,-4.383750438690185547e+00,2.627607583999633789e+00
6.576042771339416504e-01,-7.140052795410156250e+00,8.352493047714233398e-01
-1.877787113189697266e-01,-1.744655609130859375e+00,3.173571825027465820e+00
2.852893829345703125e+00,-4.865035116672515869e-01,5.398074150085449219e+00
1.573592543601989746e+00,1.304128289222717285e+00,3.512842655181884766e+00
2.519019842147827148e+00,3.507463932037353516e-01,5.408483028411865234e+00
1.160718917846679688e+00,-3.800622224807739258e+00,4.274046421051025391e-02
2.240771293640136719e+00,1.259548187255859375e+00,3.261901378631591797e+00
1.170344948768615723e+00,-4.055294692516326904e-01,4.856072902679443359e+00
9.974067807197570801e-01,-3.917858600616455078e-01,4.683420658111572266e+00
2.014643669128417969e+00,6.800782680511474609e-02,5.055527210235595703e+00
-4.125823378562927246e-01,-6.876723170280456543e-01,3.645047187805175781e+00
1.159954309463500977e+00,-9.826817512512207031e-01,3.577796459197998047e+00
2.442484378814697266e+00,7.254658937454223633e-01,5.401317596435546875e+00
5.946574211120605469e+00,1.511146545410156250e+00,6.521731376647949219e+00
-6.053891181945800781e-01,-2.168283939361572266e+00,3.349592208862304688e+00
-1.051986336708068848e+00,3.509412109851837158e-01,2.073431491851806641e+00
2.482976436614990234e+00,-4.593975067138671875e+00,2.080029010772705078e+00
5.788167119026184082e-01,-2.141721010208129883e+00,3.510807991027832031e+00
-1.084773063659667969e+00,3.458924889564514160e-01,1.968308568000793457e+00
5.428661704063415527e-01,-3.122642993927001953e+00,2.577233076095581055e+00
2.500193595886230469e+00,1.202539682388305664e+00,5.392188072204589844e+00
3.564465999603271484e+00,7.795503139495849609e-01,5.637829780578613281e+00
1.354601621627807617e+00,-1.564456701278686523e+00,2.319963693618774414e+00
2.097481012344360352e+00,-6.274144649505615234e+00,1.777926802635192871e+00
-8.532597422599792480e-01,3.793528378009796143e-01,1.855595350265502930e+00
2.999818325042724609e+00,1.791042566299438477e+00,3.548490285873413086e+00
2.969281196594238281e+00,-5.888062000274658203e+00,1.760191679000854492e+00
-1.090348124504089355e+00,-2.729034662246704102e+00,2.958203077316284180e+00
2.499200344085693359e+00,-1.436517536640167236e-01,5.193017005920410156e+00
4.899916946887969971e-01,-4.186326026916503906e+00,2.858910322189331055e+00
6.330359578132629395e-01,-4.757179737091064453e+00,-9.596882015466690063e-02
1.734778285026550293e+00,6.246043443679809570e-01,2.557288408279418945e+00
4.667696058750152588e-01,-3.401457309722900391e+00,2.780445575714111328e+00
7.373163849115371704e-02,-1.648326992988586426e+00,3.542917490005493164e+00
5.063279718160629272e-02,-2.729017138481140137e-01,3.372600317001342773e+00
6.512585282325744629e-01,-3.857619524002075195e+00,2.925741672515869141e+00
3.925920248031616211e+00,-1.157750248908996582e+00,5.524850845336914062e+00
7.585265636444091797e-01,-5.623597145080566406e+00,1.881855368614196777e+00
2.084816455841064453e+00,7.070807218551635742e-01,5.190745353698730469e+00
5.976742744445800781e+00,9.670532941818237305e-01,6.113225460052490234e+00
2.421668052673339844e+00,-4.487013444304466248e-02,5.152822494506835938e+00
-8.359622359275817871e-01,-2.232212543487548828e+00,2.552397012710571289e+00
-3.529810011386871338e-01,-1.445657372474670410e+00,3.356682062149047852e+00
-1.416749954223632812e-01,-4.830324172973632812e+00,2.236464500427246094e+00
2.110752820968627930e+00,8.621461987495422363e-01,4.427746295928955078e+00
-4.364506900310516357e-01,-1.399585604667663574e+00,2.961763858795166016e+00
-2.851726293563842773e+00,-1.827262282371520996e+00,1.488003969192504883e+00
1.759644865989685059e+00,5.718934535980224609e-01,4.477843761444091797e+00
2.127415180206298828e+00,1.260980844497680664e+00,3.143246412277221680e+00
-5.235273018479347229e-02,-3.970448017120361328e+00,2.215322017669677734e+00
1.319814085960388184e+00,-4.574538707733154297e+00,2.739092588424682617e+00
-1.097682476043701172e+00,-3.488233566284179688e+00,2.265250205993652344e+00
9.205287694931030273e-01,-3.686910390853881836e+00,3.432245254516601562e+00
1.636800289154052734e+00,-5.059373378753662109e+00,2.910648584365844727e+00
-3.262583494186401367e+00,-1.011131033301353455e-01,1.250712871551513672e+00
6.268863677978515625e-01,9.022105336189270020e-01,3.730017900466918945e+00
-3.416040658950805664e+00,3.798148930072784424e-01,1.397190213203430176e+00
-1.778641462326049805e+00,-1.699370622634887695e+00,2.507528305053710938e+00
-1.040256977081298828e+00,2.536032199859619141e-01,2.252362489700317383e+00
2.509369373321533203e+00,-7.056677818298339844e+00,-6.848028302192687988e-02
2.950286865234375000e+00,-1.295641064643859863e-01,2.920321464538574219e+00
2.509369134902954102e+00,-7.056677818298339844e+00,-6.848181039094924927e-02
4.679726362228393555e-01,-9.253189712762832642e-02,2.993103504180908203e+00
1.835354089736938477e+00,5.987631529569625854e-02,4.884308815002441406e+00
5.027657032012939453e+00,-7.090744495391845703e+00,4.036903083324432373e-01
-1.485443115234375000e+00,-3.142822504043579102e+00,2.362143754959106445e+00
4.506996154785156250e+00,-1.164328098297119141e+00,-4.625792980194091797e+00
-2.577922105789184570e+00,2.123323202133178711e+00,-2.234983921051025391e+00
3.383713364601135254e-01,2.384138345718383789e+00,-2.361454486846923828e+00
-2.016969442367553711e+00,2.016279697418212891e+00,-1.344659447669982910e+00
-1.312084913253784180e+00,2.635762691497802734e+00,-3.535135746002197266e+00
1.445425868034362793e+00,3.629015684127807617e-01,-4.957115173339843750e+00
-1.798936843872070312e+00,2.520935058593750000e+00,-3.017143726348876953e+00
3.166789412498474121e-01,3.051098585128784180e+00,-2.727880477905273438e+00
3.996031522750854492e+00,-2.162156859412789345e-03,-4.209454059600830078e+00
3.941250562667846680e+00,-1.137866377830505371e+00,-4.681135654449462891e+00
6.446732521057128906e+00,-2.314154386520385742e+00,-4.143028736114501953e+00
4.600666522979736328e+00,-9.222785234451293945e-01,-3.966563224792480469e+00
2.633706331253051758e+00,4.786473810672760010e-01,-4.062499523162841797e+00
-4.031611606478691101e-02,2.504697561264038086e+00,-3.033246517181396484e+00
5.426463603973388672e+00,2.669187486171722412e-01,-2.583757877349853516e+00
3.662810802459716797e+00,-2.739757597446441650e-01,-3.825878143310546875e+00
-2.307358503341674805e+00,2.332846403121948242e+00,-1.899684548377990723e+00
7.451593875885009766e+00,-4.241521358489990234e+00,-6.746104717254638672e+00
-8.783368468284606934e-01,2.851512193679809570e+00,-2.769052982330322266e+00
9.453069567680358887e-01,-2.688184738159179688e+00,-7.843493223190307617e-01
5.882252216339111328e+00,-1.629033803939819336e+00,-4.738872051239013672e+00
4.517930030822753906e+00,7.151133418083190918e-01,-1.458345770835876465e+00
3.045652866363525391e+00,-2.212882637977600098e-01,-4.406373500823974609e+00
5.437394618988037109e+00,-2.294711112976074219e+00,-5.051818847656250000e+00
5.207075595855712891e+00,-3.246318995952606201e-01,-3.670765638351440430e+00
3.459003448486328125e+00,1.584552787244319916e-02,-4.046529769897460938e+00
3.078923940658569336e+00,1.658223569393157959e-01,-4.101150989532470703e+00
5.592240333557128906e+00,-1.998457193374633789e+00,-4.671630382537841797e+00
8.079387664794921875e+00,-3.280622720718383789e+00,-4.382893562316894531e+00
8.622145652770996094e+00,-3.120203256607055664e+00,-4.529183864593505859e+00
7.773549079895019531e+00,-2.743825435638427734e+00,-4.235197544097900391e+00
-4.284743219614028931e-02,2.469587802886962891e+00,-1.937429904937744141e+00
-1.794265747070312500e+00,3.134754657745361328e+00,-3.249227046966552734e+00
7.336861610412597656e+00,-3.047774314880371094e+00,-4.884742736816406250e+00
3.719590187072753906e+00,-3.998064398765563965e-01,-4.183153152465820312e+00
6.409584045410156250e+00,-1.562482714653015137e+00,-3.572654008865356445e+00
5.203723907470703125e+00,-6.504645347595214844e-01,-3.620640754699707031e+00
-4.013272821903228760e-01,2.985853433609008789e+00,-2.242946147918701172e+00
4.187566280364990234e+00,-4.133103787899017334e-02,-3.638201951980590820e+00
5.156255245208740234e+00,-8.885229825973510742e-01,-3.913449287414550781e+00
1.162219882011413574e+00,2.563271045684814453e+00,-2.404127359390258789e+00
3.977004289627075195e+00,-3.513225913047790527e-01,-3.644633769989013672e+00
2.443647861480712891e+00,-7.183757424354553223e-02,-3.603091478347778320e+00
6.015636920928955078e+00,-2.000597000122070312e+00,-3.973747253417968750e+00
4.496615409851074219e+00,-8.943762183189392090e-01,-3.747683286666870117e+00
-9.223697781562805176e-01,2.741620063781738281e+00,-2.995263099670410156e+00
-7.245981693267822266e-01,1.915673375129699707e+00,-3.192857503890991211e+00
-1.431548595428466797e+00,2.907168626785278320e+00,-2.490067481994628906e+00
-1.837323546409606934e+00,2.896557807922363281e+00,-2.853424549102783203e+00
1.892318248748779297e+00,2.216099739074707031e+00,-2.106562137603759766e+00
9.149124026298522949e-01,3.121819972991943359e+00,-2.414963006973266602e+00
-3.000762701034545898e+00,5.544181466102600098e-01,2.135752439498901367e+00
-1.442875862121582031e+00,2.503922700881958008e+00,-3.107463359832763672e+00
7.499464750289916992e-01,2.803144454956054688e+00,-2.297873497009277344e+00
-1.508508205413818359e+00,3.041527271270751953e+00,-2.619793176651000977e+00
1.023513197898864746e+00,2.712389945983886719e+00,-2.607972860336303711e+00
4.495279192924499512e-01,2.743555307388305664e+00,-2.071552991867065430e+00
-4.545532912015914917e-02,2.774399757385253906e+00,-2.299707651138305664e+00
8.945143967866897583e-02,1.783482313156127930e+00,-3.362269639968872070e+00
9.483422636985778809e-01,2.997803688049316406e+00,-2.597843408584594727e+00
-1.043318271636962891e+00,2.942948102951049805e+00,-2.505134105682373047e+00
-1.271708011627197266e+00,2.583884477615356445e+00,-2.435073375701904297e+00
1.275713682174682617e+00,2.977545738220214844e+00,-2.143601894378662109e+00
7.975690960884094238e-01,3.084717273712158203e+00,-2.480612039566040039e+00
1.307923316955566406e+00,1.177554011344909668e+00,-4.457782208919525146e-01
2.233107089996337891e-01,3.094065189361572266e+00,-2.757676362991333008e+00
9.564094543457031250e-01,3.149417400360107422e+00,-2.790524721145629883e+00
2.701982855796813965e-01,2.644708395004272461e+00,-2.470545530319213867e+00
2.702949762344360352e+00,4.057820737361907959e-01,-3.091062784194946289e+00
4.457593441009521484e+00,2.962435960769653320e+00,-7.205485701560974121e-01
5.466924980282783508e-03,3.150707006454467773e+00,-2.446293115615844727e+00
1.612616539001464844e+00,1.515808582305908203e+00,-2.040485620498657227e+00
1.749708056449890137e+00,2.230481863021850586e+00,-2.702685832977294922e+00
-3.154785633087158203e+00,7.964034676551818848e-01,1.745967268943786621e+00
3.732338249683380127e-01,2.844065427780151367e+00,-2.704247713088989258e+00
-3.142650365829467773e+00,8.070673942565917969e-01,1.788655757904052734e+00
-1.123027130961418152e-01,2.908615827560424805e+00,-2.648735284805297852e+00
-1.128862857818603516e+00,2.867119789123535156e+00,-2.378787040710449219e+00
-1.083448171615600586e+00,2.910178184509277344e+00,-2.514784812927246094e+00
1.019397616386413574e+00,3.088903903961181641e+00,-1.860653042793273926e+00
2.404452800750732422e+00,2.134824037551879883e+00,-2.331496953964233398e+00
2.043130874633789062e+00,1.939970970153808594e+00,-1.971277475357055664e+00
1.448827266693115234e+00,2.429697513580322266e+00,-2.689683675765991211e+00
2.392655611038208008e+00,2.148739814758300781e+00,-2.385877847671508789e+00
1.094695210456848145e+00,2.482545137405395508e+00,-2.089412689208984375e+00
6.374782323837280273e-01,2.549480438232421875e+00,-2.774128675460815430e+00
3.905441999435424805e+00,-1.325699687004089355e+00,-5.620439529418945312e+00
6.254507899284362793e-01,2.112073898315429688e+00,-1.821606636047363281e+00
4.577452659606933594e+00,-2.507501244544982910e-01,-4.376183986663818359e+00
-3.381460309028625488e-01,3.262836933135986328e+00,-2.406977891921997070e+00
2.240517377853393555e+00,2.264418125152587891e+00,-1.746713280677795410e+00
-1.620687723159790039e+00,3.023758649826049805e+00,-2.577758550643920898e+00
5.969959735870361328e+00,-1.766493797302246094e+00,-4.839168548583984375e+00
-2.164402306079864502e-01,3.260898113250732422e+00,-2.717597961425781250e+00
-5.100724101066589355e-01,2.865138292312622070e+00,-2.696840047836303711e+00
4.002232551574707031e+00,-6.006184220314025879e-01,-1.281715989112854004e+00
-1.215079665184020996e+00,2.378326892852783203e+00,-1.855289697647094727e+00
-1.642390847206115723e+00,2.538427829742431641e+00,-2.730036258697509766e+00
4.742347717285156250e+00,-1.260905385017395020e+00,-2.312508583068847656e+00
-2.404184192419052124e-01,2.844459772109985352e+00,-3.187992811203002930e+00
8.752650022506713867e-02,-2.143940210342407227e+00,3.647811412811279297e+00
-9.038541316986083984e-01,5.665782094001770020e-01,2.156353235244750977e+00
2.472031116485595703e+00,-2.988560199737548828e+00,4.126955032348632812e+00
-5.322574377059936523e-01,-1.889547705650329590e+00,2.847486734390258789e+00
2.649816870689392090e-01,-7.939167618751525879e-01,2.894019365310668945e+00
1.039757609367370605e+00,-5.476972579956054688e+00,2.293552637100219727e+00
1.429449915885925293e-01,-3.709577798843383789e+00,2.761924505233764648e+00
3.858033895492553711e+00,-2.007031202316284180e+00,4.808123588562011719e+00
2.463102102279663086e+00,-1.767142772674560547e+00,5.356139659881591797e+00
4.829737842082977295e-01,-3.987855911254882812e+00,2.815249681472778320e+00
-1.758273482322692871e+00,-2.193420171737670898e+00,2.421939373016357422e+00
-2.499943077564239502e-01,-1.896802932024002075e-01,3.953284263610839844e+00
-2.768673300743103027e-01,-4.735572338104248047e-01,2.813562154769897461e+00
-1.956544667482376099e-01,-1.845265269279479980e+00,3.479287147521972656e+00
-1.024246096611022949e+00,-1.729523539543151855e+00,3.161035060882568359e+00
4.647288024425506592e-01,-6.327411174774169922e+00,1.885152697563171387e+00
1.018139719963073730e+00,-6.405873298645019531e+00,1.723779082298278809e+00
-2.122929573059082031e+00,-1.496197700500488281e+00,2.731589317321777344e+00
6.716777086257934570e-01,-6.732967853546142578e+00,7.441698908805847168e-01
8.978296518325805664e-01,-3.462428569793701172e+00,3.225167989730834961e+00
-4.322554171085357666e-02,-2.524279832839965820e+00,3.171966075897216797e+00
5.137439072132110596e-02,-3.970738172531127930e+00,2.593192100524902344e+00
-1.165505051612854004e+00,-1.498115897178649902e+00,2.861693620681762695e+00
1.855142831802368164e+00,-1.639900207519531250e+00,4.089535236358642578e+00
-4.330683350563049316e-01,-4.040353775024414062e+00,2.198433876037597656e+00
1.742109060287475586e-01,-3.202744960784912109e+00,2.758248090744018555e+00
8.906748890876770020e-01,-2.442205667495727539e+00,4.469481945037841797e+00
2.636751234531402588e-01,-3.579184532165527344e+00,2.662880182266235352e+00
3.692480325698852539e-01,-3.026121377944946289e+00,2.879318952560424805e+00
1.953040719032287598e+00,-4.355410575866699219e+00,3.481761455535888672e+00
2.471638470888137817e-01,-1.359419226646423340e+00,3.703607797622680664e+00
3.583359122276306152e-01,-3.252379655838012695e+00,3.301631450653076172e+00
6.744043231010437012e-01,-2.359683752059936523e+00,4.074969768524169922e+00
-6.248321533203125000e-01,-3.969505071640014648e+00,2.469066143035888672e+00
4.916802406311035156e+00,-4.483713507652282715e-01,5.861996173858642578e+00
8.316968679428100586e-01,-5.125512123107910156e+00,2.427775859832763672e+00
5.519655704498291016e+00,2.470357179641723633e+00,4.494931221008300781e+00
4.896638393402099609e-01,-2.837390899658203125e+00,1.349139332771301270e+00
7.730661869049072266e+00,-4.749000072479248047e+00,5.547543048858642578e+00
1.783621430397033691e+00,-3.755024194717407227e+00,3.717050552368164062e+00
6.993944644927978516e-01,-2.572655439376831055e+00,3.717916488647460938e+00
2.500898361206054688e+00,-4.497934818267822266e+00,3.660311222076416016e+00
2.838880538940429688e+00,-4.085721492767333984e+00,3.841705560684204102e+00
-6.269394755363464355e-01,-2.653263807296752930e+00,2.941684961318969727e+00
2.274978399276733398e+00,-7.740928649902343750e+00,9.933159351348876953e-01
4.349610805511474609e-01,-3.201923131942749023e+00,2.830493688583374023e+00
1.307417035102844238e+00,-5.496132850646972656e+00,2.920769453048706055e+00
3.758077144622802734e+00,-2.194441080093383789e+00,3.666131019592285156e+00
-2.002326995134353638e-01,-4.605695247650146484e+00,2.170776128768920898e+00
1.526424765586853027e+00,-4.324603557586669922e+00,3.419180154800415039e+00
3.710088253021240234e+00,-4.242211341857910156e+00,1.528549194335937500e+00
2.187178432941436768e-01,-4.828891754150390625e+00,2.715471744537353516e+00
-7.175072282552719116e-02,-3.116556882858276367e+00,2.859085559844970703e+00
5.250294804573059082e-01,-2.198843002319335938e+00,3.220716714859008789e+00
-1.468706727027893066e+00,-1.838377356529235840e+00,2.694949388504028320e+00
2.718381643295288086e+00,-4.605584621429443359e+00,3.476814508438110352e+00
6.944917440414428711e-01,-5.465388298034667969e+00,2.295683622360229492e+00
4.780815541744232178e-01,-5.837508201599121094e+00,2.021730661392211914e+00
-1.199643090367317200e-01,-1.657875061035156250e+00,3.152711153030395508e+00
1.571075081825256348e+00,-2.922233104705810547e+00,3.731854438781738281e+00
8.534645438194274902e-01,-5.714423656463623047e+00,2.482510566711425781e+00
1.677787423133850098e+00,-5.876029014587402344e+00,2.839891195297241211e+00
-1.298841953277587891e+00,-3.760613918304443359e+00,2.239401102066040039e+00
2.355914115905761719e+00,-3.757383584976196289e+00,2.349701166152954102e+00
8.493112921714782715e-01,-7.275946140289306641e+00,6.187353134155273438e-01
-4.348236620426177979e-01,-4.192914485931396484e+00,2.050253868103027344e+00
1.636674761772155762e+00,-5.211918830871582031e+00,2.638506412506103516e+00
1.331081520766019821e-02,-4.256462574005126953e+00,2.499935388565063477e+00
1.271494507789611816e+00,-3.163557052612304688e+00,3.670451164245605469e+00
7.379111647605895996e-01,-6.013504981994628906e+00,1.701554179191589355e+00
-1.249792869202792645e-03,-6.476563215255737305e-01,4.028210163116455078e+00
1.340044260025024414e+00,-2.781247854232788086e+00,2.530502796173095703e+00
-6.368362158536911011e-02,-2.595096349716186523e+00,3.517479419708251953e+00
1.981974244117736816e+00,-2.997113466262817383e+00,3.579969167709350586e+00
3.471293151378631592e-01,-4.308610439300537109e+00,2.366301059722900391e+00
5.695133209228515625e-01,-5.614598274230957031e+00,1.249883294105529785e+00
2.840416431427001953e+00,-5.465593338012695312e+00,3.430018901824951172e+00
-2.824893295764923096e-01,-4.084340095520019531e+00,2.570877790451049805e+00
1.454882621765136719e+00,-4.177279949188232422e+00,2.873521566390991211e+00
-6.927815079689025879e-01,-2.404941558837890625e+00,3.233930587768554688e+00
-5.474304035305976868e-02,-4.495625495910644531e+00,2.450776815414428711e+00
-6.073057651519775391e-01,-2.735619783401489258e+00,2.931052207946777344e+00
2.474241256713867188e+00,-5.870745658874511719e+00,1.981713891029357910e+00
1.607534408569335938e+00,-3.852521896362304688e+00,3.913979291915893555e+00
9.049223065376281738e-01,-5.361263751983642578e+00,1.152719140052795410e+00
1.337570101022720337e-01,-2.574232816696166992e+00,4.005519390106201172e+00
3.383060991764068604e-01,-3.577361106872558594e+00,2.669497489929199219e+00
2.576791048049926758e+00,-3.174030542373657227e+00,8.176188915967941284e-02
2.309779882431030273e+00,-5.010787963867187500e+00,2.138478994369506836e+00
2.717385053634643555e+00,-9.456205368041992188e+00,-1.722833812236785889e-01
-7.886788845062255859e-01,-1.837797760963439941e+00,3.300040006637573242e+00
-2.874423861503601074e-01,-4.114313125610351562e+00,2.408998727798461914e+00
4.851456582546234131e-01,-5.141225814819335938e+00,2.491453886032104492e+00
-1.414497345685958862e-01,-3.282285213470458984e+00,2.722065210342407227e+00
1.788310527801513672e+00,-5.889297008514404297e+00,2.496309041976928711e+00
2.696731090545654297e+00,-4.861708164215087891e+00,1.806021451950073242e+00
-4.929493665695190430e-01,-2.663625955581665039e+00,2.958883047103881836e+00
7.960121333599090576e-02,-4.279080390930175781e+00,2.286627531051635742e+00
4.701204299926757812e+00,-4.785969257354736328e+00,2.337290763854980469e+00
1.947378039360046387e+00,-1.304365992546081543e+00,2.870653629302978516e+00
-3.831501960754394531e+00,2.217258930206298828e+00,-3.034305572509765625e+00
-3.849092960357666016e+00,2.212519884109497070e+00,-3.049241065979003906e+00
1.411411613225936890e-01,-7.656876564025878906e+00,-8.293005943298339844e+00
-3.403537034988403320e+00,2.401871442794799805e+00,-3.646025896072387695e+00
4.878921061754226685e-02,-9.520418167114257812e+00,-8.677434921264648438e+00
7.343491315841674805e-01,-8.880278587341308594e+00,-7.225321769714355469e+00
-5.490890145301818848e-01,-8.590613365173339844e+00,-7.352122306823730469e+00
6.591159701347351074e-01,-8.801403045654296875e+00,-7.009189128875732422e+00
4.917152822017669678e-01,-8.974762916564941406e+00,-6.614460468292236328e+00
4.917146861553192139e-01,-8.974761962890625000e+00,-6.614460468292236328e+00
-5.490871071815490723e-01,-8.590612411499023438e+00,-7.352121353149414062e+00
-5.490887165069580078e-01,-8.590614318847656250e+00,-7.352121353149414062e+00
-1.499991893768310547e+00,7.067478895187377930e-01,-2.979678392410278320e+00
-3.190298795700073242e+00,2.719929456710815430e+00,-2.637500762939453125e+00
-2.965375661849975586e+00,2.826129913330078125e+00,-2.737448215484619141e+00
-3.013347864151000977e+00,2.693301200866699219e+00,-2.430167913436889648e+00
-3.071419715881347656e+00,2.682078599929809570e+00,-2.448893070220947266e+00
-2.155559509992599487e-01,-5.991285324096679688e+00,-7.281144142150878906e+00
-8.095290660858154297e-01,-5.020180225372314453e+00,-6.686703205108642578e+00
-5.216572880744934082e-01,-5.745756149291992188e+00,-7.302594661712646484e+00
1.999107748270034790e-01,-7.085794925689697266e+00,-7.857748985290527344e+00
-5.177150964736938477e-01,-5.642293930053710938e+00,-7.197584152221679688e+00
-3.208363533020019531e+00,-1.692998290061950684e+00,-9.743396043777465820e-01
-3.184272527694702148e+00,-1.354942679405212402e+00,-8.068614006042480469e-01
-3.208364009857177734e+00,-1.692998647689819336e+00,-9.743399024009704590e-01
-3.208364725112915039e+00,-1.692999482154846191e+00,-9.743396043777465820e-01
-3.550011157989501953e+00,2.348270654678344727e+00,-2.794597864151000977e+00
-3.861757278442382812e+00,8.296338468790054321e-02,-2.207369089126586914e+00
-2.767582893371582031e+00,-1.606683015823364258e+00,-3.516855239868164062e+00
-3.513515472412109375e+00,-1.089636832475662231e-01,1.163379549980163574e+00
-2.562080860137939453e+00,-2.521696805953979492e+00,-8.004144430160522461e-01
-1.574783086776733398e+00,-3.355582952499389648e+00,-7.438937425613403320e-01
-1.574784159660339355e+00,-3.355605840682983398e+00,-7.438958883285522461e-01
-2.567088842391967773e+00,-2.627197027206420898e+00,-8.120037913322448730e-01
-1.574783802032470703e+00,-3.355620622634887695e+00,-7.438955307006835938e-01
-2.965314149856567383e+00,2.742673158645629883e+00,-2.564849615097045898e+00
-3.152851581573486328e+00,2.783451557159423828e+00,-2.547506570816040039e+00
-3.126740217208862305e+00,2.814935207366943359e+00,-2.728434801101684570e+00
-3.043084144592285156e+00,2.850645303726196289e+00,-2.829903364181518555e+00
-3.195560216903686523e+00,2.694200277328491211e+00,-2.596158504486083984e+00
-3.041106939315795898e+00,2.701443672180175781e+00,-2.438623666763305664e+00
-3.050803899765014648e+00,2.827612161636352539e+00,-2.774105310440063477e+00
-3.134865760803222656e+00,2.713741540908813477e+00,-2.575026035308837891e+00
-3.056751012802124023e+00,2.688553810119628906e+00,-2.428091764450073242e+00
-3.183065176010131836e+00,2.581744194030761719e+00,-2.154292345046997070e+00
-3.659089565277099609e+00,3.599231690168380737e-02,1.040830612182617188e+00
-3.611297369003295898e+00,1.031657457351684570e-01,1.095770835876464844e+00
-3.662055730819702148e+00,9.560836106538772583e-02,8.854293823242187500e-01
-3.416914224624633789e+00,5.140134692192077637e-01,7.486787438392639160e-01
-3.341618776321411133e+00,6.457683444023132324e-01,8.537129163742065430e-01
-3.121730804443359375e+00,1.926989853382110596e-01,1.094001889228820801e+00
-2.666859865188598633e+00,-9.334110617637634277e-01,9.064083695411682129e-01
-3.242582559585571289e+00,6.831032037734985352e-01,8.257625699043273926e-01
-3.411497831344604492e+00,1.212987184524536133e+00,3.916914388537406921e-02
-3.239443302154541016e+00,1.003215789794921875e+00,3.094463646411895752e-01
-3.185315370559692383e+00,8.344104886054992676e-01,9.192627072334289551e-01
-3.866001844406127930e+00,2.080889940261840820e+00,-2.445479631423950195e+00
-4.292366027832031250e+00,1.903881072998046875e+00,-3.186772108078002930e+00
-4.310439586639404297e+00,1.802284121513366699e+00,-3.128244638442993164e+00
-3.183710098266601562e+00,2.310221433639526367e+00,-3.712199449539184570e+00
3.810515403747558594e+00,-8.242152214050292969e+00,-6.461101531982421875e+00
-2.848402500152587891e+00,-1.033584237098693848e+00,-4.741881370544433594e+00
3.810515880584716797e+00,-8.242153167724609375e+00,-6.461100578308105469e+00
-2.895955085754394531e+00,-9.259481430053710938e-01,-4.675834178924560547e+00
-2.870587348937988281e+00,-9.232377409934997559e-01,-4.696302890777587891e+00
-3.194610595703125000e+00,2.233413934707641602e+00,-3.736083030700683594e+00
3.810515880584716797e+00,-8.242153167724609375e+00,-6.461101055145263672e+00
3.810516119003295898e+00,-8.242152214050292969e+00,-6.461101055145263672e+00
-1.332436680793762207e+00,-6.063446044921875000e+00,-7.013783454895019531e+00
-1.481044054031372070e+00,-6.463065147399902344e+00,-7.215454578399658203e+00
-1.524103164672851562e+00,-6.986772537231445312e+00,-6.873328208923339844e+00
-2.797017574310302734e+00,-3.835510730743408203e+00,-3.898921489715576172e+00
-1.495819807052612305e+00,-6.716092586517333984e+00,-6.813538551330566406e+00
-1.444811701774597168e+00,-6.632990837097167969e+00,-7.276793003082275391e+00
-3.679356336593627930e+00,-1.067865133285522461e+00,-3.520590782165527344e+00
-1.580485701560974121e+00,-6.053576946258544922e+00,-6.629517555236816406e+00
-2.847913742065429688e+00,-1.310224413871765137e+00,-4.666142940521240234e+00
-3.136181831359863281e+00,-3.654887676239013672e+00,-3.971504211425781250e+00
-3.900265455245971680e+00,2.001108407974243164e+00,-1.686859011650085449e+00
-3.583967685699462891e+00,2.079876422882080078e+00,-1.717317461967468262e+00
-3.796928167343139648e+00,1.832277297973632812e+00,-1.092165231704711914e+00
-3.849406957626342773e+00,1.936154365539550781e+00,-1.612884521484375000e+00
-3.533472537994384766e+00,-3.468465507030487061e-01,9.713312983512878418e-01
3.810517311096191406e+00,-8.242152214050292969e+00,-6.461101055145263672e+00
3.523255586624145508e+00,-7.989534378051757812e+00,-6.115916728973388672e+00
-3.848800659179687500e+00,1.895078301429748535e+00,-1.361627221107482910e+00
-3.796928167343139648e+00,1.832277297973632812e+00,-1.092165112495422363e+00
-3.750313758850097656e+00,1.805269837379455566e+00,-1.256391763687133789e+00
2.111055612564086914e+00,-5.500509738922119141e+00,-4.977111816406250000e+00
3.523257017135620117e+00,-7.989532470703125000e+00,-6.115916728973388672e+00
3.810515403747558594e+00,-8.242154121398925781e+00,-6.461101055145263672e+00
3.810513257980346680e+00,-8.242151260375976562e+00,-6.461100578308105469e+00
-3.349876642227172852e+00,-1.995768189430236816e+00,-4.856288909912109375e+00
-2.870496273040771484e+00,-2.363299131393432617e+00,-1.979558110237121582e+00
-3.427402496337890625e+00,1.335820555686950684e+00,-3.158814668655395508e+00
-3.603050470352172852e+00,1.262365102767944336e+00,-3.081110715866088867e+00
-3.251318931579589844e+00,-3.241147279739379883e+00,-3.843125581741333008e+00
-3.211633682250976562e+00,-3.546335458755493164e+00,-3.873199224472045898e+00
-3.167173385620117188e+00,-1.921667337417602539e+00,-4.546107769012451172e+00
-3.475759506225585938e+00,-2.868072986602783203e+00,-3.316906690597534180e+00
-1.465395927429199219e+00,2.767212390899658203e+00,-1.947659611701965332e+00
3.865106344223022461e+00,3.966781795024871826e-01,-4.195745944976806641e+00
3.865106821060180664e+00,3.966778218746185303e-01,-4.195745944976806641e+00
3.326110124588012695e+00,7.765522599220275879e-01,-4.059203624725341797e+00
1.945460796356201172e+00,2.098719358444213867e+00,-1.823552131652832031e+00
2.009426206350326538e-01,2.570174455642700195e+00,-2.423749208450317383e+00
3.130626916885375977e+00,3.047776937484741211e+00,-9.976502656936645508e-01
4.581810474395751953e+00,1.682469248771667480e+00,-8.843201994895935059e-01
2.587746858596801758e+00,2.297533273696899414e+00,-2.191776752471923828e+00
3.324998617172241211e+00,2.538183927536010742e+00,-2.391284704208374023e+00
4.190454006195068359e+00,2.267586231231689453e+00,4.904897809028625488e-01
4.042448997497558594e-01,2.064880609512329102e+00,-1.556341290473937988e+00
3.472995281219482422e+00,3.412114858627319336e+00,1.491551995277404785e-01
4.290812492370605469e+00,1.917609214782714844e+00,-1.415394783020019531e+00
2.492793321609497070e+00,2.752652883529663086e+00,-3.111573219299316406e+00
6.794926166534423828e+00,-3.134204626083374023e+00,-1.907296299934387207e+00
4.429839134216308594e+00,2.385130167007446289e+00,-9.798229336738586426e-01
3.789464473724365234e+00,2.168153524398803711e+00,6.823464632034301758e-01
3.571087837219238281e+00,1.639200925827026367e+00,1.450949609279632568e-01
3.431137561798095703e+00,2.800922870635986328e+00,-2.944823503494262695e+00
2.713874101638793945e+00,2.736183166503906250e+00,-1.648101449012756348e+00
4.357216835021972656e+00,2.319216966629028320e+00,4.805227816104888916e-01
4.327289581298828125e+00,1.998543381690979004e+00,2.229572236537933350e-01
5.415194988250732422e+00,1.796319723129272461e+00,-1.271240234375000000e+00
3.038021087646484375e+00,2.829993963241577148e+00,-2.497010469436645508e+00
2.982990026473999023e+00,2.231751918792724609e+00,-2.714549064636230469e+00
4.799117088317871094e+00,2.491348266601562500e+00,-2.507376432418823242e+00
3.227593183517456055e+00,2.940752506256103516e+00,-1.689876198768615723e+00
-9.822716712951660156e-01,2.061453819274902344e+00,-1.599201798439025879e+00
3.770262479782104492e+00,2.178882122039794922e+00,-2.044241905212402344e+00
6.391274452209472656e+00,2.129368543624877930e+00,-3.925402462482452393e-01
3.435848712921142578e+00,2.683850049972534180e+00,-5.521105527877807617e-01
6.405667304992675781e+00,-1.766840741038322449e-02,-4.289560317993164062e+00
3.764847040176391602e+00,1.329008102416992188e+00,-4.003579616546630859e+00
1.234899401664733887e+00,3.296201229095458984e+00,-2.662235975265502930e+00
2.389457941055297852e+00,2.499117374420166016e+00,-1.887845754623413086e+00
4.057661056518554688e+00,1.682758212089538574e+00,-1.726860642433166504e+00
3.900873661041259766e+00,1.870635390281677246e+00,-2.032236337661743164e+00
-7.085613608360290527e-01,2.916681528091430664e+00,-2.989145755767822266e+00
3.101726531982421875e+00,2.021873950958251953e+00,-1.757358431816101074e+00
3.662799358367919922e+00,2.636621713638305664e+00,-2.611317873001098633e+00
3.287735939025878906e+00,3.121229887008666992e+00,-8.171952962875366211e-01
4.831205844879150391e+00,1.783097147941589355e+00,-1.442587971687316895e+00
2.162361621856689453e+00,3.168658733367919922e+00,-2.451455593109130859e+00
3.607158422470092773e+00,3.161649227142333984e+00,-9.199584722518920898e-01
4.773540973663330078e+00,2.512860298156738281e+00,-2.527639627456665039e+00
4.961361885070800781e+00,2.283700942993164062e+00,-2.628289699554443359e+00
2.113977670669555664e+00,2.937250375747680664e+00,-2.110635519027709961e+00
3.940243482589721680e+00,2.181818008422851562e+00,-1.682515501976013184e+00
2.502213478088378906e+00,3.314919471740722656e+00,-2.306945562362670898e+00
5.608244419097900391e+00,7.957023978233337402e-01,-8.328903466463088989e-02
4.973854541778564453e+00,2.001652956008911133e+00,-2.560872077941894531e+00
7.359146595001220703e+00,1.888543248176574707e+00,-2.187948942184448242e+00
2.426229238510131836e+00,2.685295343399047852e+00,-3.028952836990356445e+00
5.043057441711425781e+00,1.503595232963562012e+00,-1.701825141906738281e+00
1.779372334480285645e+00,2.685286283493041992e+00,-2.868498086929321289e+00
3.887125968933105469e+00,2.365427494049072266e+00,-2.611183643341064453e+00
3.420385599136352539e+00,2.618607044219970703e+00,-2.212635040283203125e+00
3.827188730239868164e+00,2.658322811126708984e+00,-2.786194086074829102e+00
4.739706039428710938e+00,2.468518018722534180e+00,-2.212711095809936523e+00
5.411480426788330078e+00,2.230530500411987305e+00,-2.613968610763549805e+00
4.684847831726074219e+00,2.512313842773437500e+00,-2.627670049667358398e+00
5.425748348236083984e+00,2.187884092330932617e+00,-2.515956163406372070e+00
5.959311962127685547e+00,2.220989227294921875e+00,-2.118937253952026367e+00
4.256239414215087891e+00,1.937077760696411133e+00,2.259790748357772827e-01
5.265765190124511719e+00,1.800841450691223145e+00,-1.311317920684814453e+00
4.097519397735595703e+00,2.214717149734497070e+00,-2.085812568664550781e+00
3.952852964401245117e+00,2.951446533203125000e+00,-2.770310938358306885e-01
2.351467370986938477e+00,2.864575386047363281e+00,-1.390910744667053223e+00
1.932061791419982910e+00,2.768779993057250977e+00,-1.171819448471069336e+00
3.746514916419982910e-01,-2.687223672866821289e+00,-3.947217762470245361e-01
3.305016994476318359e+00,1.766778111457824707e+00,6.041085124015808105e-01
1.941373348236083984e+00,3.072310924530029297e+00,-1.404929995536804199e+00
1.852950930595397949e+00,2.706742048263549805e+00,-3.174441337585449219e+00
-7.049798965454101562e-01,2.744799375534057617e+00,-3.030150175094604492e+00
4.641979217529296875e+00,2.069355726242065430e+00,-1.550367116928100586e+00
2.119174003601074219e+00,3.109002828598022461e+00,-1.384850859642028809e+00
4.249139785766601562e+00,-6.940737366676330566e-01,-4.463618755340576172e+00
3.940342664718627930e+00,2.247435808181762695e+00,-2.156286239624023438e+00
4.034028530120849609e+00,2.257732391357421875e+00,-1.674281120300292969e+00
5.292899608612060547e+00,2.258472681045532227e+00,-5.699515342712402344e-01
4.750130176544189453e+00,2.046123266220092773e+00,-5.731632709503173828e-01
1.649329423904418945e+00,2.627091646194458008e+00,-2.552219390869140625e+00
2.639490127563476562e+00,3.015806674957275391e+00,-8.169683218002319336e-01
5.122220993041992188e+00,1.736314058303833008e+00,-1.619941353797912598e+00
5.398522853851318359e+00,1.845026135444641113e+00,-1.468467593193054199e+00
5.903229713439941406e-01,2.413403511047363281e+00,-2.474304199218750000e+00
4.475201606750488281e+00,3.438356637954711914e+00,-5.997539758682250977e-01
5.278082847595214844e+00,3.352083206176757812e+00,-1.313733607530593872e-01
2.298074007034301758e+00,3.206997632980346680e+00,-1.350747466087341309e+00
1.453997492790222168e+00,3.266738414764404297e+00,-1.177163124084472656e+00
4.968127250671386719e+00,3.386062145233154297e+00,-2.571079432964324951e-01
5.647077560424804688e-01,2.434201955795288086e+00,-1.978609800338745117e+00
2.541491031646728516e+00,3.124644517898559570e+00,-7.764063477516174316e-01
-1.935433745384216309e-01,2.775011062622070312e+00,-7.383747100830078125e-01
3.163723230361938477e+00,3.530475854873657227e+00,8.084315061569213867e-01
2.709679365158081055e+00,3.602603435516357422e+00,4.053597450256347656e-01
4.923028469085693359e+00,1.711464881896972656e+00,-1.778988838195800781e+00
3.714696645736694336e+00,2.410426616668701172e+00,-1.811108589172363281e+00
-5.364311933517456055e-01,3.182601213455200195e+00,-2.393357038497924805e+00
