3.470660209655761719e+00,4.099982738494873047e+00,4.179035186767578125e+00,-2.686484813690185547e+00,-3.190850019454956055e-01
2.939895629882812500e+00,-1.784934282302856445e+00,2.026742935180664062e+00,2.410460948944091797e+00,6.630761146545410156e+00
-7.672265172004699707e-01,-1.393926858901977539e+00,-3.235462307929992676e-01,-3.302177429199218750e+00,2.925068378448486328e+00
3.515065610408782959e-01,-3.327881574630737305e+00,1.025786399841308594e+00,-1.377377629280090332e+00,-4.739381372928619385e-01
-4.267598688602447510e-01,4.282277107238769531e+00,-1.726086258888244629e+00,2.844503641128540039e+00,-4.647599458694458008e-01
-1.762177467346191406e+00,5.140019416809082031e+00,2.463261783123016357e-01,2.943065881729125977e+00,3.357817173004150391e+00
3.481900691986083984e-01,-1.247780084609985352e+00,4.814575195312500000e+00,1.388116121292114258e+00,-2.701802730560302734e+00
4.216946959495544434e-01,5.344723463058471680e-01,-6.570721864700317383e-01,2.924991607666015625e+00,-1.508548378944396973e+00
-2.080530881881713867e+00,3.434302806854248047e+00,2.065700739622116089e-01,7.166298627853393555e-01,8.171294927597045898e-01
6.768693447113037109e+00,6.025485992431640625e+00,4.459425434470176697e-02,-6.594908237457275391e-01,3.459801197052001953e+00
3.397177219390869141e+00,5.396740913391113281e+00,-4.773676395416259766e+00,6.267238616943359375e+00,-7.888326048851013184e-02
4.103881835937500000e+00,-2.218649864196777344e+00,-5.268051147460937500e+00,3.382200241088867188e+00,-2.668113112449645996e-01
4.550964355468750000e+00,6.376269817352294922e+00,-5.740621566772460938e+00,5.884570121765136719e+00,-8.333741873502731323e-02
1.680359482765197754e+00,-2.587739944458007812e+00,3.695411682128906250e+00,-4.073285460472106934e-01,-7.005122900009155273e-01
-1.517111301422119141e+00,1.106653332710266113e+00,-1.686898827552795410e+00,-9.104050695896148682e-02,1.838211059570312500e+00
-6.459248661994934082e-01,-4.050101280212402344e+00,-5.273165702819824219e-01,-7.195304036140441895e-01,5.967133998870849609e+00
4.745442867279052734e+00,5.931283950805664062e+00,2.949463605880737305e+00,-2.158648729324340820e+00,2.024677276611328125e+00
1.857827544212341309e+00,-1.080992460250854492e+00,4.148324012756347656e+00,5.834998488426208496e-01,3.744854688644409180e+00
4.149591445922851562e+00,8.709513545036315918e-01,7.682369947433471680e-01,-1.298269480466842651e-01,-2.641827344894409180e+00
-6.003056764602661133e-01,9.377028942108154297e-01,-1.260967254638671875e+00,3.748814463615417480e-01,-4.102044582366943359e+00
-6.160764694213867188e-01,-5.118540287017822266e+00,1.242398977279663086e+00,-1.706466078758239746e-01,1.353441834449768066e+00
-2.179790496826171875e+00,7.839296013116836548e-02,4.262047708034515381e-01,1.870711445808410645e+00,-2.560746908187866211e+00
1.545047640800476074e+00,4.397457122802734375e+00,-4.380536675453186035e-01,1.822745800018310547e+00,5.336349010467529297e-01
2.351460456848144531e+00,3.096769809722900391e+00,2.732821941375732422e+00,-1.706272482872009277e+00,1.943155765533447266e+00
9.671467542648315430e-01,3.567455291748046875e+00,3.381383657455444336e+00,-1.898492813110351562e+00,1.177430629730224609e+00
2.871776580810546875e+00,2.148504734039306641e+00,-3.788334131240844727e-01,1.003372550010681152e+00,-1.506533265113830566e+00
1.909296363592147827e-01,-3.518498316407203674e-02,-2.616066932678222656e-01,3.392196178436279297e+00,-3.841485261917114258e+00
-6.372494995594024658e-02,-1.958119153976440430e+00,1.266919970512390137e+00,-3.155365705490112305e+00,4.188274383544921875e+00
-7.410904169082641602e-01,-4.472663879394531250e+00,9.903854131698608398e-01,-1.310203909873962402e+00,1.518459320068359375e-01
2.900350570678710938e+00,-4.167463779449462891e+00,1.984758019447326660e+00,1.322058796882629395e+00,-1.624769568443298340e+00
-7.410906553268432617e-01,-4.472663879394531250e+00,9.903852939605712891e-01,-1.310204148292541504e+00,1.518451571464538574e-01
-1.289785265922546387e+00,3.013812780380249023e+00,-1.285135000944137573e-01,-2.004399299621582031e+00,-2.328213214874267578e+00
1.412454128265380859e+00,-9.121361374855041504e-01,-1.181928038597106934e+00,4.114555835723876953e+00,-2.096352577209472656e+00
-2.078384876251220703e+00,-4.746101796627044678e-01,2.315918922424316406e+00,-1.321473252028226852e-02,3.397993445396423340e-01
-2.479422092437744141e+00,-2.358798503875732422e+00,1.051710724830627441e+00,-7.458916902542114258e-01,2.482245683670043945e+00
9.199172258377075195e-01,2.148115396499633789e+00,-8.156593441963195801e-01,1.998232483863830566e+00,-4.172510147094726562e+00
3.900135040283203125e+00,-2.955584764480590820e+00,-1.851819753646850586e+00,-3.726316213607788086e+00,-3.160326004028320312e+00
-4.159129142761230469e+00,-5.411608219146728516e+00,-7.121268272399902344e+00,-3.947487592697143555e+00,7.187508106231689453e+00
-3.115690946578979492e+00,-2.294046729803085327e-01,-2.758058309555053711e+00,-4.640316963195800781e+00,5.318262100219726562e+00
-2.833861827850341797e+00,5.034346580505371094e-01,-1.534015059471130371e+00,-3.633753061294555664e+00,2.612348318099975586e+00
-1.649891495704650879e+00,-2.455416202545166016e+00,-3.229832172393798828e+00,-3.641635179519653320e+00,1.039645767211914062e+01
-1.228826999664306641e+00,-2.473284006118774414e+00,-5.610811233520507812e+00,-3.544332265853881836e+00,1.107300662994384766e+01
-1.756778478622436523e+00,-4.507578909397125244e-01,-8.619234561920166016e-01,1.272940635681152344e+00,-2.333392381668090820e+00
1.135941505432128906e+01,-1.729972481727600098e+00,-1.841997981071472168e+00,7.120676994323730469e+00,4.620475292205810547e+00
5.094977021217346191e-01,-4.477064132690429688e+00,1.167124867439270020e+00,2.021867990493774414e+00,-7.833053469657897949e-01
-5.113105773925781250e-01,-3.868749380111694336e+00,4.771320819854736328e-01,1.241815328598022461e+00,-2.873377323150634766e+00
1.888052463531494141e+00,-8.078235387802124023e-01,-2.231875181198120117e+00,1.858795762062072754e+00,-4.513068675994873047e+00
8.105618476867675781e+00,-9.115937352180480957e-01,-4.407566070556640625e+00,5.349457263946533203e+00,2.492122173309326172e+00
1.501484394073486328e+00,9.873440265655517578e-01,-1.493541598320007324e+00,4.075632572174072266e+00,-4.042483329772949219e+00
3.492141962051391602e+00,3.808501958847045898e+00,1.915263056755065918e+00,-1.407459616661071777e+00,-4.769217669963836670e-01
6.054901599884033203e+00,1.005286407470703125e+01,-4.127527713775634766e+00,2.524544477462768555e+00,8.654265999794006348e-01
4.975619316101074219e+00,5.283778667449951172e+00,-2.343112707138061523e+00,2.035918951034545898e+00,-7.965043187141418457e-01
1.589562594890594482e-01,2.135737836360931396e-01,-7.478860616683959961e-01,2.832147359848022461e+00,-1.475531339645385742e+00
6.802816390991210938e-01,-3.643512248992919922e+00,3.917973116040229797e-02,1.769207835197448730e+00,1.955809831619262695e+00
1.143827199935913086e+00,4.315674781799316406e+00,-5.043149471282958984e+00,1.916475892066955566e-01,2.145915746688842773e+00
2.100755870342254639e-01,2.612477540969848633e+00,-2.546682834625244141e+00,-8.445270657539367676e-01,9.505303502082824707e-01
-1.108160614967346191e+00,-1.337405294179916382e-03,1.456081509590148926e+00,3.094913482666015625e+00,-1.624456763267517090e+00
-8.547948837280273438e+00,-2.935139179229736328e+00,-4.958045482635498047e+00,-1.062992215156555176e+00,-9.572710990905761719e+00
5.015611648559570312e+00,7.007308006286621094e+00,-2.457489967346191406e+00,-4.182422757148742676e-01,1.336918115615844727e+00
1.262705922126770020e+00,-4.042427062988281250e+00,-2.992916703224182129e-01,1.565419077873229980e+00,3.694461107254028320e+00
1.158699870109558105e+00,-1.938626050949096680e+00,4.098007082939147949e-01,3.514845609664916992e+00,2.149743318557739258e+00
2.675719499588012695e+00,3.162762403488159180e+00,3.158455371856689453e+00,-2.444513797760009766e+00,-3.958379030227661133e-01
7.975881576538085938e+00,-4.485978126525878906e+00,1.539245605468750000e+00,2.246955871582031250e+00,1.641519546508789062e+00
-1.219682812690734863e+00,-1.526738703250885010e-01,1.221068501472473145e+00,2.551651239395141602e+00,-1.239071846008300781e+00
-6.432827472686767578e+00,-1.253147959709167480e+00,-1.718079090118408203e+00,6.709263324737548828e+00,2.674387216567993164e+00
-7.659530639648437500e+00,-1.280561685562133789e+00,-3.177781105041503906e+00,8.211850166320800781e+00,3.757277011871337891e+00
-3.375619173049926758e+00,5.181456565856933594e+00,-8.161361813545227051e-01,4.624133586883544922e+00,2.032764434814453125e+00
2.543028831481933594e+00,4.016776561737060547e+00,3.715570211410522461e+00,-1.699700951576232910e+00,-1.300952136516571045e-01
7.499974370002746582e-01,4.084208488464355469e+00,-2.617319345474243164e+00,1.477484941482543945e+00,1.465421915054321289e+00
-3.911138057708740234e+00,-1.296995043754577637e+00,-4.570906639099121094e+00,2.534519433975219727e-01,-3.077635765075683594e-01
-4.037990570068359375e+00,6.098039627075195312e+00,-1.572183370590209961e+00,4.491182327270507812e+00,2.560141086578369141e+00
-2.941463232040405273e+00,1.256256461143493652e+00,1.092179656028747559e+00,-1.512665152549743652e+00,-3.052905797958374023e+00
-4.942811965942382812e+00,-6.628123521804809570e-01,-4.221377074718475342e-01,4.343637943267822266e+00,2.308697223663330078e+00
-5.530179977416992188e+00,-1.546375155448913574e+00,-1.169643044471740723e+00,5.597231864929199219e+00,2.808570146560668945e+00
-4.294676303863525391e+00,5.667162418365478516e+00,-1.393110752105712891e+00,4.366861820220947266e+00,1.060271263122558594e+00
-5.809298992156982422e+00,5.330746173858642578e+00,-2.263305038213729858e-01,2.882980823516845703e+00,2.306713819503784180e+00
-6.587265968322753906e+00,3.622798681259155273e+00,1.217773184180259705e-01,3.454106569290161133e+00,1.566638469696044922e+00
-5.643167972564697266e+00,4.278580188751220703e+00,-9.388209581375122070e-01,5.512207984924316406e+00,2.801405906677246094e+00
-6.579089164733886719e+00,4.281484127044677734e+00,-6.643275022506713867e-01,4.248634815216064453e+00,2.089704036712646484e+00
-4.798114776611328125e+00,-1.224598646163940430e+00,-5.704068541526794434e-01,5.047036170959472656e+00,3.316205024719238281e+00
-4.604515075683593750e+00,-7.231348156929016113e-01,1.495824009180068970e-01,3.676512479782104492e+00,1.979795217514038086e+00
-1.617109656333923340e+00,-9.299696087837219238e-01,3.302222967147827148e+00,3.314999341964721680e+00,-3.097808599472045898e+00
-4.250383973121643066e-01,-2.303195297718048096e-01,-2.526793479919433594e-01,1.195517659187316895e+00,-1.246615409851074219e+00
2.438957929611206055e+00,-4.086005687713623047e-01,2.944302856922149658e-01,-1.173645615577697754e+00,-1.527515411376953125e+00
-1.271059751510620117e+00,4.498880386352539062e+00,1.891615867614746094e+00,3.818692922592163086e+00,2.360108613967895508e+00
2.878603696823120117e+00,3.838524222373962402e-01,1.083660364151000977e+00,-1.164991408586502075e-01,-2.097943782806396484e+00
-2.425120353698730469e+00,-2.049188762903213501e-01,1.755387187004089355e+00,8.411229252815246582e-01,-2.281304597854614258e+00
-3.356216192245483398e+00,5.660376548767089844e+00,-2.983273267745971680e+00,-3.551487922668457031e+00,2.105689287185668945e+00
-5.097478389739990234e+00,-1.243336439132690430e+00,1.726163506507873535e+00,2.496749401092529297e+00,-6.964233875274658203e+00
1.143827080726623535e+00,4.315675258636474609e+00,-5.043149948120117188e+00,1.916472166776657104e-01,2.145915508270263672e+00
1.203214526176452637e+00,-8.837217837572097778e-02,-5.890025138854980469e+00,1.011858463287353516e+00,1.214783859252929688e+01
-4.048380851745605469e+00,-2.444823980331420898e+00,-4.870464801788330078e+00,1.134446859359741211e+00,1.544862270355224609e+00
-5.480118989944458008e-01,-1.447734981775283813e-01,6.573922038078308105e-01,1.785026907920837402e+00,-1.526755213737487793e+00
-1.487553358078002930e+00,-1.939766764640808105e+00,7.702883243560791016e+00,-2.016641855239868164e+00,-5.727661609649658203e+00
-1.087347984313964844e+00,-1.423351883888244629e+00,1.430550575256347656e+00,3.149607658386230469e+00,-2.815657138824462891e+00
-1.899210810661315918e+00,1.340047359466552734e+00,6.406233906745910645e-01,1.395328760147094727e+00,-7.205967307090759277e-01
-9.786421775817871094e+00,9.378137588500976562e+00,3.611467838287353516e+00,4.856515228748321533e-01,-9.484596848487854004e-01
5.220476627349853516e+00,8.252400398254394531e+00,-3.675411939620971680e+00,2.710388183593750000e+00,8.099058866500854492e-01
-6.116364955902099609e+00,5.728197574615478516e+00,1.477936148643493652e+00,1.611622810363769531e+00,4.548006057739257812e+00
-9.951587319374084473e-01,-1.874957442283630371e+00,1.070940971374511719e+00,1.011415362358093262e+00,-7.307694554328918457e-01
-2.393310368061065674e-01,-1.028541684150695801e+00,2.725824117660522461e+00,-4.206645965576171875e+00,7.117078304290771484e-01
2.297107219696044922e+00,-3.224118053913116455e-01,3.150734663009643555e+00,-1.962683200836181641e+00,2.699849307537078857e-01
-7.702692985534667969e+00,5.422661304473876953e+00,2.626394987106323242e+00,9.202568531036376953e-01,3.312233448028564453e+00
-5.324893593788146973e-01,-9.387151002883911133e-01,2.950405836105346680e+00,-3.590302228927612305e+00,-3.335865437984466553e-01
2.461380958557128906e+00,2.164427638053894043e-01,4.744438827037811279e-01,-1.675965428352355957e+00,-1.290178298950195312e+00
-8.416494727134704590e-01,-7.728402018547058105e-01,2.949540376663208008e+00,-4.513151168823242188e+00,2.830552458763122559e-01
1.001871109008789062e+00,2.171233415603637695e+00,8.161603808403015137e-01,-1.129214763641357422e+00,-1.165079548954963684e-01
-1.745588541030883789e+00,-4.094447612762451172e+00,1.027580022811889648e+00,-1.533128738403320312e+00,-1.243795752525329590e+00
-3.247885704040527344e+00,-4.444301605224609375e+00,4.576244354248046875e+00,-8.532163500785827637e-01,-1.186337590217590332e+00
-5.870219707489013672e+00,4.195857524871826172e+00,2.349357604980468750e+00,-1.817742437124252319e-01,4.971985816955566406e+00
-4.275417327880859375e+00,-3.936819076538085938e+00,-6.479442596435546875e+00,-6.615927219390869141e+00,2.787297964096069336e+00
7.766056656837463379e-01,3.384916067123413086e+00,2.635981082916259766e+00,6.586117148399353027e-01,2.478313684463500977e+00
8.576484322547912598e-01,3.619647502899169922e+00,3.942757368087768555e+00,-2.300326108932495117e+00,8.964508175849914551e-01
-9.039126634597778320e-01,5.067204236984252930e-01,1.826886415481567383e+00,3.287533521652221680e-01,5.725872516632080078e+00
2.702983379364013672e+00,-1.612077593803405762e+00,-2.721659280359745026e-02,1.990668892860412598e+00,-3.739712953567504883e+00
2.749207258224487305e+00,-4.758495330810546875e+00,-3.145238876342773438e+00,-4.394757747650146484e+00,-3.787188291549682617e+00
6.949925422668457031e-01,4.158402442932128906e+00,-4.946751117706298828e+00,-1.841666251420974731e-01,1.708893179893493652e+00
-1.867374539375305176e+00,1.000522851943969727e+00,3.535933420062065125e-02,1.012741446495056152e+00,-7.071891427040100098e-01
2.395489454269409180e+00,1.628825545310974121e+00,-2.612426996231079102e+00,2.558859586715698242e+00,-5.042217731475830078e+00
8.159563541412353516e-01,-3.786061525344848633e+00,-3.540576934814453125e+00,-4.518425941467285156e+00,-1.862321376800537109e+00
-1.505769696086645126e-02,-5.935666710138320923e-02,2.896466016769409180e+00,-1.624464511871337891e+00,-5.044704675674438477e-01
2.838745832443237305e+00,-5.667889595031738281e+00,-8.997659683227539062e+00,-5.196747779846191406e+00,-2.710868597030639648e+00
3.049164533615112305e+00,-1.290824055671691895e+00,-4.018486499786376953e+00,-2.151385307312011719e+00,-2.987938642501831055e+00
-1.384979486465454102e-01,-3.109777688980102539e+00,7.688282132148742676e-01,1.599657684564590454e-01,-5.057706832885742188e-01
4.161321640014648438e+00,-3.959907293319702148e-01,-2.372398853302001953e+00,-4.918487071990966797e+00,-1.563940286636352539e+00
6.998010873794555664e-01,-4.355698108673095703e+00,-4.162574291229248047e+00,-3.741104364395141602e+00,-2.340567827224731445e+00
6.305240392684936523e-01,-4.419773578643798828e+00,-4.168176651000976562e+00,-3.673162937164306641e+00,-1.744103074073791504e+00
1.125192761421203613e+00,-3.317682266235351562e+00,-3.596659421920776367e+00,-3.788517951965332031e+00,-1.743388295173645020e+00
-8.384288549423217773e-01,3.262533992528915405e-02,3.748762607574462891e+00,-2.082064151763916016e+00,-3.275266885757446289e-01
-6.831409931182861328e-01,1.508408546447753906e+00,-3.254471540451049805e+00,-2.014656066894531250e+00,1.835164308547973633e+00
1.411420255899429321e-01,-1.474767684936523438e+00,2.515046596527099609e-01,-2.497215270996093750e+00,-1.037011861801147461e+00
-1.670000433921813965e+00,6.849451661109924316e-01,-7.004743814468383789e-02,1.711744904518127441e+00,3.246918022632598877e-01
-4.697868824005126953e-01,7.103228569030761719e-01,3.559087276458740234e+00,-1.636524558067321777e+00,-3.362640142440795898e-01
-2.950198888778686523e+00,-3.646273910999298096e-01,1.199763536453247070e+00,1.568698883056640625e+00,6.136610507965087891e-01
-3.476059913635253906e+00,1.757757216691970825e-01,-9.915667772293090820e-01,3.894405126571655273e+00,2.901545763015747070e+00
-1.074029207229614258e+00,-1.290713101625442505e-01,1.892165541648864746e-01,1.477066516876220703e+00,-4.927974045276641846e-01
-2.306935787200927734e+00,1.778203994035720825e-01,2.165970087051391602e+00,7.769021987915039062e-01,-1.986992478370666504e+00
-2.307037353515625000e+00,2.112634897232055664e+00,-1.061108112335205078e+00,2.427799701690673828e+00,2.011729627847671509e-01
-3.339394330978393555e+00,2.304915189743041992e+00,2.458054304122924805e+00,1.270667910575866699e+00,2.183829307556152344e+00
-7.939930558204650879e-01,1.584911823272705078e+00,-3.163559436798095703e+00,-1.998249173164367676e+00,1.705806612968444824e+00
2.674630880355834961e+00,2.831808090209960938e+00,3.224419832229614258e+00,-1.302131295204162598e+00,-8.830109834671020508e-01
1.146337985992431641e+00,5.817671298980712891e+00,2.456023931503295898e+00,-1.100089907646179199e+00,-2.704382687807083130e-02
-5.131513595581054688e+00,4.816187858581542969e+00,-1.511373519897460938e+00,-1.310531616210937500e+00,-8.811303973197937012e-02
-1.014972209930419922e+00,1.983554482460021973e+00,2.846686840057373047e-01,1.634241461753845215e+00,6.282231807708740234e-01
-8.333387970924377441e-01,8.795338682830333710e-03,2.313955068588256836e+00,6.900785565376281738e-01,-4.676110744476318359e-01
-2.117155075073242188e+00,1.535333633422851562e+00,4.652900993824005127e-01,9.270389676094055176e-01,-9.609675407409667969e-01
-2.028248310089111328e+00,-3.688067197799682617e-01,1.761868357658386230e+00,9.113901257514953613e-01,2.409692108631134033e-01
-1.743475347757339478e-01,-1.870777487754821777e+00,-1.553876280784606934e+00,2.617092370986938477e+00,3.292389869689941406e+00
-1.928748607635498047e+00,6.752541661262512207e-01,9.296009689569473267e-02,1.957288026809692383e+00,6.592904329299926758e-01
-1.857689738273620605e+00,3.702566146850585938e+00,3.515807867050170898e+00,-7.795472741127014160e-01,2.234082460403442383e+00
-7.099325060844421387e-01,-5.529168844223022461e-01,2.219557046890258789e+00,-4.808458983898162842e-01,-3.052789926528930664e+00
1.893976092338562012e+00,-4.076567173004150391e+00,-1.907464385032653809e+00,1.300117254257202148e+00,-2.626490831375122070e+00
6.949924826622009277e-01,4.158401966094970703e+00,-4.946750164031982422e+00,-1.841676831245422363e-01,1.708892226219177246e+00
1.982125043869018555e-01,-2.231442928314208984e+00,3.054739534854888916e-01,2.443944931030273438e+00,7.394495010375976562e-01
9.834334850311279297e-01,-2.127525329589843750e+00,3.206204891204833984e+00,-7.511019706726074219e-02,-1.113507270812988281e+00
5.096153020858764648e-01,-3.168444871902465820e+00,-6.303514003753662109e+00,-4.162774085998535156e+00,-6.549878120422363281e-01
5.658093690872192383e-01,4.308576107025146484e+00,3.842377901077270508e+00,-2.812606096267700195e+00,1.192370414733886719e+00
-1.321779847145080566e+00,-4.399192631244659424e-01,2.175928592681884766e+00,4.185428470373153687e-02,-3.464568614959716797e+00
5.307082653045654297e+00,6.508215427398681641e+00,-1.501012325286865234e+00,8.826436400413513184e-01,1.737531423568725586e-01
5.354198455810546875e+00,7.605485439300537109e+00,-3.016028642654418945e+00,1.901945233345031738e+00,3.391365110874176025e-01
-2.975368499755859375e-01,-3.487972736358642578e+00,1.268725752830505371e+00,1.334061861038208008e+00,1.446654945611953735e-01
1.108701154589653015e-01,-3.276693582534790039e+00,9.010809063911437988e-01,1.946212887763977051e+00,1.182710886001586914e+00
5.485697984695434570e-01,4.022331237792968750e+00,-3.164014577865600586e+00,-2.583518266677856445e+00,2.442568302154541016e+00
2.238440513610839844e+00,-1.994433045387268066e+00,4.225350856781005859e+00,9.677972793579101562e-01,4.829316139221191406e+00
1.215743780136108398e+00,-8.352090716361999512e-01,4.409488201141357422e+00,-1.954976439476013184e+00,2.523123025894165039e+00
-8.866073489189147949e-01,-5.573473572731018066e-01,3.083376646041870117e+00,6.119483113288879395e-01,-7.029441595077514648e-01
-1.223222836852073669e-01,-1.480840444564819336e+00,2.506237268447875977e+00,-3.068404197692871094e+00,1.850525259971618652e+00
-4.649693965911865234e-01,-4.919688999652862549e-01,2.878199338912963867e+00,-2.659528970718383789e+00,4.256806671619415283e-01
6.046626567840576172e-01,1.013660669326782227e+00,3.004484415054321289e+00,-1.787211179733276367e+00,-8.107893466949462891e-01
7.842497229576110840e-01,3.796065330505371094e+00,4.001352787017822266e+00,-2.532316207885742188e+00,8.685271143913269043e-01
2.378948688507080078e+00,3.874432086944580078e+00,3.281925916671752930e+00,-1.116883754730224609e+00,-1.665257066488265991e-01
2.163261651992797852e+00,9.870152473449707031e-01,1.361219286918640137e+00,-1.435456871986389160e+00,-2.498384952545166016e+00
3.955908775329589844e+00,1.890545845031738281e+00,2.513502120971679688e+00,1.995449423789978027e+00,2.550937414169311523e+00
-1.521918177604675293e-01,-2.708320379257202148e+00,-1.030229806900024414e+00,-9.031720757484436035e-01,-3.116258144378662109e+00
4.031760215759277344e+00,1.641772150993347168e+00,2.926780462265014648e+00,5.230848193168640137e-01,1.557320237159729004e+00
6.565775871276855469e-01,-5.277288913726806641e+00,-3.532653570175170898e+00,-2.976201772689819336e+00,-2.380883693695068359e+00
2.370299100875854492e+00,-3.450842142105102539e+00,-4.576185703277587891e+00,-5.247991561889648438e+00,-2.422539472579956055e+00
2.763356268405914307e-01,-2.008285284042358398e+00,-1.157318830490112305e+00,6.627291440963745117e-02,-1.987524747848510742e+00
1.525443196296691895e+00,-5.413397312164306641e+00,-6.518360137939453125e+00,-4.093501567840576172e+00,-3.150494337081909180e+00
5.836123824119567871e-01,-5.707609176635742188e+00,-3.946866750717163086e+00,-2.851004362106323242e+00,-2.491457700729370117e+00
6.247626304626464844e+00,-8.936978578567504883e-01,6.098031997680664062e-01,5.915552616119384766e+00,4.716114997863769531e+00
-8.196890950202941895e-01,-9.996852874755859375e-01,-1.690274357795715332e+00,-5.275777339935302734e+00,6.532207727432250977e-01
6.949900388717651367e-01,4.158403396606445312e+00,-4.946754932403564453e+00,-1.841682493686676025e-01,1.708891749382019043e+00
-3.987267017364501953e-01,-1.036556839942932129e+00,-1.291468381881713867e+00,-4.651802062988281250e+00,9.096834063529968262e-02
-1.335747092962265015e-01,-4.172366559505462646e-01,-6.945967078208923340e-01,-3.723180532455444336e+00,-7.845404744148254395e-01
-1.537327170372009277e+00,-1.781892538070678711e+00,-1.988246202468872070e+00,-6.410337448120117188e+00,5.788244009017944336e-01
-1.202643513679504395e+00,-1.886838793754577637e+00,-3.160918712615966797e+00,-5.677306175231933594e+00,8.215793967247009277e-01
-1.226847171783447266e+00,-9.839567542076110840e-01,2.437546730041503906e+00,1.760682940483093262e+00,-1.382321238517761230e+00
8.243023157119750977e-01,3.752821922302246094e+00,4.285813331604003906e+00,-2.117721080780029297e+00,6.735631823539733887e-01
-7.403002262115478516e+00,3.663513183593750000e+00,-4.015435218811035156e+00,-2.844824552536010742e+00,-4.222878813743591309e-01
9.093214273452758789e-01,2.248666048049926758e+00,-5.599066615104675293e-01,-1.981358051300048828e+00,1.096429228782653809e-01
-1.005235671997070312e+01,4.098201274871826172e+00,-4.131637096405029297e+00,-3.290829420089721680e+00,-1.110449671745300293e+00
6.950011849403381348e-01,4.158429145812988281e+00,-4.946747779846191406e+00,-1.841713190078735352e-01,1.708893537521362305e+00
-1.425887465476989746e+00,1.820338606834411621e+00,-8.067924380302429199e-01,-1.346757531166076660e+00,4.742973148822784424e-01
-9.513898849487304688e+00,6.082246303558349609e+00,-3.557191610336303711e+00,-3.213777303695678711e+00,-1.624387621879577637e+00
-9.459208488464355469e+00,4.689502716064453125e+00,-4.124029159545898438e+00,-2.564695596694946289e+00,-3.133573770523071289e+00
-2.430128812789916992e+00,3.818040132522583008e+00,-1.746775269508361816e+00,-2.852247953414916992e+00,2.172662496566772461e+00
-5.914025306701660156e+00,1.333502173423767090e+00,-5.657211303710937500e+00,-3.053868770599365234e+00,4.449392318725585938e+00
-4.824648857116699219e+00,3.856571674346923828e+00,-2.673130631446838379e-01,-2.377300262451171875e+00,2.731107950210571289e+00
-5.497551918029785156e+00,4.396510124206542969e+00,-3.458796441555023193e-01,-1.791301965713500977e+00,2.426552772521972656e+00
-1.631364703178405762e+00,-5.868495106697082520e-01,2.620982646942138672e+00,3.232841789722442627e-01,-3.819409310817718506e-01
-7.431508302688598633e-01,-4.555324554443359375e+00,-5.860573053359985352e-01,-1.624527931213378906e+00,-1.643346309661865234e+00
3.752915620803833008e+00,-3.533995389938354492e+00,4.546882629394531250e+00,1.430198788642883301e+00,2.477764606475830078e+00
-1.148192405700683594e+00,-5.608732700347900391e-01,3.388807773590087891e-01,-2.585009813308715820e+00,-1.946950890123844147e-02
1.982399582862854004e+00,-4.024559974670410156e+00,-1.090724825859069824e+00,-1.072084426879882812e+00,-3.393331766128540039e+00
-1.289947424083948135e-02,-9.452614188194274902e-01,3.571368455886840820e+00,-2.393075704574584961e+00,7.993847727775573730e-01
1.715675950050354004e+00,1.569425821304321289e+00,-1.726148605346679688e+00,5.676342487335205078e+00,-1.593723297119140625e+00
1.945683240890502930e+00,1.297230482101440430e+00,-1.554658412933349609e+00,6.304099082946777344e+00,-8.063070774078369141e-01
-2.939350008964538574e-01,4.636260032653808594e+00,3.927553892135620117e+00,-2.051668405532836914e+00,-1.903352141380310059e+00
-1.201076745986938477e+00,-1.510861635208129883e+00,7.616552114486694336e-01,3.162190616130828857e-01,-3.732398033142089844e+00
4.713326930999755859e+00,-5.136307716369628906e+00,-2.089685201644897461e+00,-4.302540779113769531e+00,-5.873655796051025391e+00
4.575517177581787109e+00,-4.659127712249755859e+00,-5.576767325401306152e-01,-2.117036819458007812e+00,-6.241755485534667969e+00
9.025692343711853027e-01,-3.858910083770751953e+00,1.132938265800476074e+00,1.606864631175994873e-01,1.416973114013671875e+00
-1.870581030845642090e+00,-4.762788295745849609e+00,1.377673000097274780e-01,-6.215119957923889160e-01,3.620223045349121094e+00
1.235525131225585938e+00,-3.846770524978637695e-01,3.332412004470825195e+00,-4.654358625411987305e-01,1.970546364784240723e+00
1.994069814682006836e-01,-1.368009448051452637e+00,-9.566553831100463867e-01,3.284735202789306641e+00,-1.718764185905456543e+00
-5.629938244819641113e-01,-5.205635070800781250e+00,1.692613720893859863e+00,6.318123340606689453e-01,-2.592594146728515625e+00
1.754614710807800293e-01,-5.420553207397460938e+00,1.419094800949096680e+00,1.210275292396545410e+00,-1.435212492942810059e+00
1.530609011650085449e+00,-4.158327579498291016e+00,9.696295261383056641e-01,-9.716997146606445312e-01,-3.753947496414184570e+00
-1.965257883071899414e+00,-1.489668965339660645e+00,1.474720358848571777e+00,-1.410343766212463379e+00,3.746549189090728760e-01
1.119574189186096191e+00,-3.603830933570861816e-01,4.469161033630371094e+00,-1.338351249694824219e+00,1.377695679664611816e+00
-9.745426177978515625e-01,-2.025144338607788086e+00,-6.577563881874084473e-01,-1.546585083007812500e+00,-3.822855949401855469e+00
4.118770122528076172e+00,-2.404020428657531738e-01,1.753160238265991211e+00,3.362051486968994141e+00,3.101520776748657227e+00
6.019015312194824219e-01,1.626778095960617065e-01,2.500352144241333008e+00,-1.170837163925170898e+00,-1.478914856910705566e+00
8.500193595886230469e+00,-1.975853800773620605e+00,4.937939643859863281e+00,4.585058391094207764e-01,7.162555456161499023e-01
-2.053691625595092773e+00,-2.909070253372192383e+00,-6.355836868286132812e+00,5.233071446418762207e-01,5.674620628356933594e+00
-1.699806928634643555e+00,-2.385183811187744141e+00,-5.558826446533203125e+00,1.223083853721618652e+00,4.307062149047851562e+00
-2.956008911132812500e+00,-1.616639018058776855e+00,-5.130111217498779297e+00,5.677210092544555664e-01,1.780836820602416992e+00
4.155776977539062500e+00,2.377191543579101562e+00,-1.829775094985961914e+00,1.081446528434753418e+00,-1.704478502273559570e+00
-1.356938004493713379e+00,9.090365171432495117e-01,1.270345211029052734e+00,4.535961627960205078e+00,-3.860745131969451904e-01
-2.885291576385498047e+00,-2.377159833908081055e+00,-5.738317012786865234e+00,1.252057194709777832e+00,3.208929538726806641e+00
2.798112332820892334e-01,-9.280389547348022461e-01,4.345129013061523438e+00,-1.546881079673767090e+00,1.098833680152893066e+00
-1.719051241874694824e+00,-4.462782382965087891e+00,1.438868403434753418e+00,-7.997030615806579590e-01,3.691703557968139648e+00
1.189361691474914551e+00,-1.766602396965026855e+00,-5.002562403678894043e-01,-9.980103969573974609e-01,-1.669203519821166992e+00
7.456499099731445312e+00,-8.178151845932006836e-01,2.222728490829467773e+00,2.796056032180786133e+00,5.506395339965820312e+00
3.077772378921508789e+00,-2.862127542495727539e+00,-4.260452747344970703e+00,-1.274522185325622559e+00,-3.272749423980712891e+00
-2.409524202346801758e+00,-2.519004344940185547e+00,-6.001870155334472656e+00,7.303802371025085449e-01,4.241968154907226562e+00
2.965030968189239502e-01,-1.736153960227966309e+00,-1.074374675750732422e+00,3.103984594345092773e+00,-1.946976661682128906e+00
-7.093095779418945312e-02,-3.517392575740814209e-01,-2.068091630935668945e+00,-5.438111424446105957e-01,-8.468396663665771484e-01
-7.016186118125915527e-01,-8.396983742713928223e-01,3.199878334999084473e-01,5.577914118766784668e-01,-3.948975324630737305e+00
6.902053356170654297e-01,-5.840059369802474976e-02,2.735984563827514648e+00,-9.751780033111572266e-01,8.482217192649841309e-01
-4.538183212280273438e-01,1.583863645792007446e-01,1.792951941490173340e+00,7.361440062522888184e-01,-1.259688377380371094e+00
3.878000020980834961e+00,3.070932328701019287e-01,1.666620969772338867e+00,3.549597978591918945e+00,2.393390178680419922e+00
3.276244163513183594e+00,4.026319980621337891e+00,4.567192554473876953e+00,-2.285882711410522461e+00,1.912906289100646973e+00
4.443930625915527344e+00,-1.851741194725036621e+00,6.480511188507080078e+00,-1.564975261688232422e+00,-1.609136104583740234e+00
7.590631961822509766e+00,-2.853967189788818359e+00,1.652981519699096680e+00,9.746592044830322266e-01,2.870475292205810547e+00
-1.275601744651794434e+00,1.071399688720703125e+00,1.247820377349853516e+00,-1.110605716705322266e+00,-1.877796888351440430e+00
-1.354660838842391968e-01,-5.694873809814453125e+00,3.264588832855224609e+00,-4.604210853576660156e-01,-4.655179023742675781e+00
3.594810485839843750e+00,1.466999292373657227e+00,6.394717693328857422e+00,-2.224312543869018555e+00,1.401850223541259766e+00
-2.052398681640625000e+00,-2.812085390090942383e+00,1.844236493110656738e+00,-1.540419816970825195e+00,3.447509050369262695e+00
2.719792366027832031e+00,-1.154419183731079102e+00,4.719772815704345703e+00,-2.227287143468856812e-01,3.818357229232788086e+00
2.257964611053466797e+00,-4.582240283489227295e-01,4.171630859375000000e+00,-1.502054572105407715e+00,2.122170925140380859e+00
7.962740421295166016e+00,-9.674192667007446289e-01,-2.535474538803100586e+00,5.352298736572265625e+00,-8.534224629402160645e-01
-2.551972389221191406e+00,-2.926892995834350586e+00,3.179660558700561523e+00,-3.745172023773193359e-01,3.641613483428955078e+00
-3.556398451328277588e-01,-1.162188887596130371e+00,2.318978786468505859e+00,-2.153871536254882812e+00,1.489860057830810547e+00
2.441983968019485474e-01,-4.383104324340820312e+00,6.813837289810180664e-01,-1.761653542518615723e+00,-1.384248495101928711e+00
2.097753286361694336e-01,-2.413073778152465820e+00,4.396646499633789062e+00,1.945497035980224609e+00,-2.990590333938598633e+00
1.002608776092529297e+00,-1.489041924476623535e+00,-2.867179393768310547e+00,-1.063133239746093750e+00,-5.597320556640625000e+00
-3.152833700180053711e+00,3.328140258789062500e+00,-3.541729688644409180e+00,-3.328083992004394531e+00,-3.690417110919952393e-01
2.192622184753417969e+00,-8.314521908760070801e-01,2.531847953796386719e+00,-1.608505606651306152e+00,2.881920814514160156e+00
3.994608640670776367e+00,-3.526446104049682617e+00,1.431655883789062500e+00,-1.720558881759643555e+00,-4.429800510406494141e+00
3.603773355484008789e+00,-3.884025812149047852e+00,2.458638548851013184e-01,-9.049934148788452148e-01,-1.727909088134765625e+00
-1.540962100028991699e+00,-2.802980422973632812e+00,1.109683394432067871e+00,-1.203090310096740723e+00,3.352021455764770508e+00
-4.534169286489486694e-02,-4.109003543853759766e+00,7.355172634124755859e-01,1.720945835113525391e+00,-1.618246674537658691e+00
4.617982387542724609e+00,-6.074723720550537109e+00,-8.064002990722656250e-01,1.036731600761413574e-01,-4.877620220184326172e+00
3.136265277862548828e+00,4.624720096588134766e+00,-2.983551025390625000e-01,-3.519229888916015625e-01,-2.506274700164794922e+00
-9.092638492584228516e-01,2.129633212462067604e-03,2.748959779739379883e+00,-3.663741350173950195e-01,-5.265616178512573242e-01
2.363918542861938477e+00,-4.164457798004150391e+00,-2.383169889450073242e+00,2.785746097564697266e+00,-4.960330009460449219e+00
-4.646527469158172607e-01,-6.184857487678527832e-01,2.938688039779663086e+00,-2.798846960067749023e+00,6.377850174903869629e-01
3.362326622009277344e+00,9.570590019226074219e+00,-6.762965321540832520e-01,1.514974236488342285e+00,1.792939543724060059e+00
-2.370623499155044556e-01,-2.647406578063964844e+00,7.057971954345703125e-01,-2.754493236541748047e+00,4.121933460235595703e+00
-7.813819646835327148e-01,1.779142975807189941e+00,-2.365958541631698608e-01,2.767262160778045654e-01,-3.782703161239624023e+00
2.368139505386352539e+00,-2.350138425827026367e+00,5.513975143432617188e+00,-8.718026429414749146e-02,-3.349998235702514648e+00
2.455958425998687744e-01,2.030834197998046875e+00,-1.314041495323181152e+00,1.457464843988418579e-01,-3.447467327117919922e+00
-1.579521179199218750e+00,6.807118058204650879e-01,-1.251707077026367188e+00,-6.762968301773071289e-01,-1.702768206596374512e+00
-1.211479306221008301e-01,-2.742868363857269287e-01,-4.145533561706542969e+00,-9.004539847373962402e-01,5.971216559410095215e-01
-1.895041227340698242e+00,-4.563811123371124268e-01,-4.582952499389648438e+00,-1.300966262817382812e+00,-1.415650010108947754e+00
-2.253662347793579102e+00,1.447213292121887207e+00,-1.483558773994445801e+00,4.097847461700439453e+00,-9.178552776575088501e-02
-3.180427551269531250e-01,-1.118796944618225098e+00,1.677111387252807617e+00,6.647276878356933594e-01,-1.407557606697082520e+00
-2.819836616516113281e+00,4.778274297714233398e-01,1.055786013603210449e+00,3.559159278869628906e+00,7.587680816650390625e-01
1.409162163734436035e+00,-3.982363462448120117e+00,-2.745055556297302246e-01,-2.384068518877029419e-01,-3.644302845001220703e+00
9.641753435134887695e-01,-4.209258079528808594e+00,-1.613351821899414062e+00,5.259951353073120117e-01,-3.392975568771362305e+00
-1.085955202579498291e-01,1.866312026977539062e-01,5.068124294281005859e+00,-2.133019685745239258e+00,1.921624779701232910e+00
1.801009774208068848e-01,-1.697972536087036133e+00,1.131636023521423340e+00,1.778675198554992676e+00,-2.736196041107177734e+00
3.426142692565917969e+00,-1.776705503463745117e+00,-3.130683183670043945e+00,1.327648401260375977e+00,-2.974285125732421875e+00
-1.534000992774963379e+00,1.749968528747558594e-01,6.988047361373901367e-01,2.286585122346878052e-01,-2.772649288177490234e+00
-1.436953306198120117e+00,2.434726804494857788e-01,1.143387794494628906e+00,1.155893564224243164e+00,-2.602191209793090820e+00
-4.250273704528808594e+00,-3.134453296661376953e+00,4.161799252033233643e-01,1.354227960109710693e-01,-2.280816793441772461e+00
-1.120697736740112305e+00,4.590313434600830078e-01,2.398319244384765625e+00,-6.132481694221496582e-01,-3.429975509643554688e-01
-3.835486650466918945e+00,3.511404991149902344e+00,3.267001152038574219e+00,-4.792641699314117432e-01,-1.818577766418457031e+00
5.745629072189331055e-01,-1.387307196855545044e-01,-1.239085793495178223e+00,2.134451866149902344e+00,-1.973905228078365326e-02
-2.245656728744506836e+00,2.996798455715179443e-01,1.922892332077026367e+00,6.106937527656555176e-01,-3.149308919906616211e+00
-4.449136555194854736e-01,-1.642199605703353882e-01,1.151438236236572266e+00,4.063404560089111328e+00,-1.961295604705810547e+00
1.512137502431869507e-01,-4.530528068542480469e+00,-3.830737829208374023e+00,-2.359883308410644531e+00,-4.365662097930908203e+00
4.500595569610595703e+00,-3.838509321212768555e+00,1.444380402565002441e+00,-1.760343670845031738e+00,-4.987772464752197266e+00
8.504988670349121094e+00,-4.102158069610595703e+00,-1.030046224594116211e+00,-3.150090694427490234e+00,-3.892304182052612305e+00
3.755391359329223633e+00,3.699883460998535156e+00,3.767122745513916016e+00,-2.172985792160034180e+00,-1.817266792058944702e-01
-3.924837410449981689e-01,-3.607649207115173340e-01,3.285926580429077148e+00,1.100348949432373047e+00,2.092005729675292969e+00
2.512777090072631836e+00,3.662443637847900391e+00,3.988126993179321289e+00,-2.252176523208618164e+00,3.256716430187225342e-01
1.068824410438537598e+00,-1.207532361149787903e-01,-9.781905412673950195e-01,2.369323968887329102e+00,-4.759830951690673828e+00
