-5.132724642753601074e-01,-6.471418738365173340e-01,1.093971133232116699e+00,-8.457414507865905762e-01,-3.575157821178436279e-01,2.130007296800613403e-01,1.664297461509704590e+00,-1.466905593872070312e+00,-7.827453017234802246e-01,7.539100050926208496e-01,-1.354014992713928223e+00,1.591098546981811523e+00,-6.447461247444152832e-01,-1.020036220550537109e+00,-5.150784254074096680e-01
-2.449042558670043945e+00,3.299738764762878418e-01,5.163596272468566895e-01,-1.082848191261291504e+00,9.637789726257324219e-01,7.420426011085510254e-01,5.928424000740051270e-01,1.675944179296493530e-01,2.290043681859970093e-01,-1.203811526298522949e+00,-1.631644845008850098e+00,2.150039076805114746e-01,-8.182046413421630859e-01,8.521573543548583984e-01,-2.484730780124664307e-01
1.007690548896789551e+00,-1.465555280447006226e-01,2.381893992424011230e-01,1.085675954818725586e+00,-1.846543669700622559e+00,-1.411897182464599609e+00,-1.631540417671203613e+00,-6.162568330764770508e-01,1.301264017820358276e-01,-1.238796353340148926e+00,2.148123979568481445e+00,3.778896927833557129e-01,1.276423186063766479e-01,-2.965035140514373779e-01,-8.482164144515991211e-01
5.855610966682434082e-01,6.063117384910583496e-01,-9.490396380424499512e-01,-3.817575275897979736e-01,3.891788125038146973e-01,1.294685006141662598e+00,-4.038734138011932373e-01,1.647066473960876465e+00,2.148750066757202148e+00,5.353661179542541504e-01,-1.960285305976867676e-01,-4.088105857372283936e-01,2.531600296497344971e-01,1.526146292686462402e+00,1.565506577491760254e+00
1.513421386480331421e-01,5.445600673556327820e-02,-5.476214289665222168e-01,-1.038207173347473145e+00,5.189290046691894531e-01,1.174249529838562012e+00,-5.160952806472778320e-01,-4.262210428714752197e-01,5.511338114738464355e-01,-1.691223978996276855e-01,3.443260788917541504e-01,1.869343519210815430e+00,-6.708168387413024902e-01,1.192270994186401367e+00,-3.882836699485778809e-01
-1.423746228218078613e+00,2.726399600505828857e-01,-4.413100704550743103e-02,-1.063332110643386841e-01,-8.018117547035217285e-01,3.994812965393066406e-01,1.197942495346069336e+00,7.028126120567321777e-01,-1.088285088539123535e+00,-8.260389566421508789e-01,-4.200927913188934326e-01,6.003061532974243164e-01,-7.435054779052734375e-01,-1.638802886009216309e+00,7.494551539421081543e-01
-3.441714644432067871e-01,-6.317737698554992676e-01,-7.659515738487243652e-01,-1.149449110031127930e+00,1.650619387626647949e+00,2.710137069225311279e-01,1.758684962987899780e-01,9.670920968055725098e-01,7.472511529922485352e-01,-1.332947015762329102e+00,-1.140490770339965820e+00,-5.948551297187805176e-01,4.554050266742706299e-01,1.566419839859008789e+00,-3.680350184440612793e-01
2.229980468750000000e+00,1.404607534408569336e+00,5.555333569645881653e-02,3.952532708644866943e-01,1.236238718032836914e+00,6.682615280151367188e-01,-1.503155231475830078e-01,3.829741179943084717e-01,1.344588160514831543e+00,-5.355700850486755371e-01,4.601220786571502686e-01,-4.274084866046905518e-01,-9.761103987693786621e-01,7.868058681488037109e-01,1.901180855929851532e-02
1.528058014810085297e-02,1.328196406364440918e+00,-1.611977070569992065e-02,3.922602534294128418e-01,-9.122481346130371094e-01,1.331194758415222168e+00,1.148067951202392578e+00,-4.839465022087097168e-01,-5.379261448979377747e-02,8.714736700057983398e-01,-8.466487377882003784e-02,9.260172843933105469e-01,7.103633284568786621e-01,-3.045051544904708862e-02,-1.780703663825988770e-01
-1.155456602573394775e-01,3.834356069564819336e-01,1.651592701673507690e-01,-4.292969107627868652e-01,1.313885331153869629e+00,6.392168998718261719e-01,9.895176291465759277e-01,5.704363584518432617e-01,2.009234279394149780e-01,3.251325190067291260e-01,-4.750210642814636230e-01,-1.808012008666992188e+00,1.488520503044128418e+00,-2.392095804214477539e+00,1.289882779121398926e+00
-3.412990272045135498e-01,8.574411869049072266e-01,-2.640117108821868896e-01,7.571579813957214355e-01,-9.903971552848815918e-01,-1.710211038589477539e+00,-3.973046839237213135e-01,-6.688832491636276245e-02,1.060218095779418945e+00,-1.409801840782165527e+00,4.374319612979888916e-01,1.396356582641601562e+00,1.594740003347396851e-01,-1.123150467872619629e+00,-3.915942013263702393e-01
-2.136380910873413086e+00,-4.498987197875976562e-01,2.974050045013427734e+00,-9.911344051361083984e-01,8.672625422477722168e-01,-3.020537376403808594e+00,-5.817857384681701660e-01,-2.403759002685546875e+00,-9.372702836990356445e-01,2.060779571533203125e+00,1.021901443600654602e-01,2.168471336364746094e+00,9.614223837852478027e-01,-8.685456514358520508e-01,5.575255751609802246e-01
-9.781032204627990723e-01,-3.733370006084442139e-01,1.525372862815856934e+00,-1.196723818778991699e+00,-2.913429439067840576e-01,7.806944847106933594e-01,1.106159314513206482e-01,1.782408170402050018e-02,2.442851960659027100e-01,-1.359925508499145508e+00,1.627018898725509644e-01,-3.318410813808441162e-01,-1.165030360221862793e+00,-1.515403389930725098e+00,5.803579092025756836e-01
2.142930269241333008e+00,1.089071273803710938e+00,-6.361942291259765625e-01,-1.529027104377746582e+00,-1.483415514230728149e-01,1.001622319221496582e+00,-2.274098396301269531e+00,-9.197146296501159668e-01,-6.780471205711364746e-01,1.789227686822414398e-02,4.553431868553161621e-01,-1.751548171043395996e+00,-2.182127237319946289e-01,1.695687323808670044e-02,-1.694114446640014648e+00
-3.579279482364654541e-01,-2.064924240112304688e+00,1.441037535667419434e+00,5.725941434502601624e-02,-1.070949912071228027e+00,-1.275443315505981445e+00,-4.213927388191223145e-01,-9.647201895713806152e-01,6.292331814765930176e-01,1.167290329933166504e+00,-1.532726526260375977e+00,2.396157570183277130e-02,2.968260049819946289e-01,2.978411018848419189e-01,6.946463584899902344e-01
-1.132046103477478027e+00,-1.643082022666931152e+00,1.429441094398498535e+00,4.258398413658142090e-01,-1.276030421257019043e+00,-1.201588511466979980e+00,6.066181659698486328e-01,-5.774530172348022461e-01,7.349686026573181152e-01,1.205864310264587402e+00,-1.427135348320007324e+00,-1.650063879787921906e-02,-1.747833490371704102e-01,-3.234681785106658936e-01,3.919911682605743408e-01
-2.336153835058212280e-01,-1.475697994232177734e+00,1.127287596464157104e-01,2.790338516235351562e+00,-3.720491230487823486e-01,-1.480526804924011230e+00,-1.698586702346801758e+00,1.191793322563171387e+00,-1.704498052597045898e+00,5.142114162445068359e-01,-8.299325406551361084e-02,1.673141956329345703e+00,-4.407365024089813232e-01,-1.585161238908767700e-01,8.816538453102111816e-01
-5.457692146301269531e-01,4.311509802937507629e-02,1.516005158424377441e+00,-5.109028220176696777e-01,-3.851194679737091064e-01,-4.690380990505218506e-01,-9.703393578529357910e-01,8.722379207611083984e-01,-1.588340878486633301e+00,2.391025871038436890e-01,1.627724051475524902e+00,1.676716059446334839e-01,-5.970566719770431519e-02,-5.562675595283508301e-01,9.481743574142456055e-01
6.888678073883056641e-01,6.645828485488891602e-01,-3.021027445793151855e-01,3.763921558856964111e-02,-1.172704815864562988e+00,-2.092533826828002930e+00,-9.343094825744628906e-01,-6.109418272972106934e-01,7.623477578163146973e-01,-1.312366127967834473e+00,7.752330899238586426e-01,7.793887853622436523e-01,9.772164225578308105e-01,-5.255143716931343079e-02,1.352224946022033691e-01
1.418426990509033203e+00,6.848278045654296875e-01,-9.943091273307800293e-01,6.707438826560974121e-01,-8.661316037178039551e-01,3.906032443046569824e-01,-8.536064028739929199e-01,9.114268422126770020e-02,6.009702086448669434e-01,1.857266575098037720e-01,-8.475484251976013184e-01,-1.139427542686462402e+00,-4.020594358444213867e-01,1.448044419288635254e+00,-2.168516814708709717e-01
-2.467373609542846680e-01,8.358176350593566895e-01,-6.087388098239898682e-02,3.918172419071197510e-01,-8.623688817024230957e-01,9.723321199417114258e-01,1.033639788627624512e+00,6.934075355529785156e-01,-2.097400873899459839e-01,2.746639549732208252e-01,3.239074647426605225e-01,5.919346213340759277e-01,1.757532209157943726e-01,9.753677994012832642e-02,-3.511352539062500000e-01
1.606603860855102539e+00,5.414262413978576660e-01,6.699642539024353027e-01,1.977982878684997559e+00,-6.738100051879882812e-01,-1.270503401756286621e+00,-9.233747720718383789e-01,-9.989350438117980957e-01,1.132756829261779785e+00,-8.643353581428527832e-01,1.473029136657714844e+00,6.304984092712402344e-01,1.045693516731262207e+00,-4.400528967380523682e-01,-1.585574150085449219e-01
-2.251704484224319458e-01,-1.453886508941650391e+00,4.358750581741333008e-01,-1.960343956947326660e+00,-8.365684151649475098e-01,-8.420707583427429199e-01,6.423946470022201538e-02,7.722891569137573242e-01,-1.193838000297546387e+00,-3.340186476707458496e-01,1.045034408569335938e+00,1.934774637222290039e+00,-8.579710125923156738e-01,-9.341857433319091797e-01,1.048943400382995605e-01
1.534799039363861084e-01,9.709076285362243652e-01,-3.049161136150360107e-01,-6.032834649085998535e-01,1.266605734825134277e+00,6.763981655240058899e-03,-3.474215567111968994e-01,-6.719015836715698242e-01,1.591397374868392944e-01,1.464109063148498535e+00,1.514484882354736328e+00,3.173004686832427979e-01,-1.156875610351562500e+00,-3.295973539352416992e-01,9.815228730440139771e-02
9.242275953292846680e-01,-5.299977064132690430e-01,-1.763661503791809082e+00,-1.346833467483520508e+00,-1.522867083549499512e+00,-1.018684387207031250e+00,1.413868546485900879e+00,1.874257564544677734e+00,-1.486923694610595703e+00,7.604135274887084961e-01,9.900706410408020020e-01,-9.755358099937438965e-02,-7.652463912963867188e-01,-1.424221247434616089e-01,1.536094069480895996e+00
-6.864012479782104492e-01,-7.559648156166076660e-01,-5.777692198753356934e-01,-7.744067311286926270e-01,-1.751660823822021484e+00,6.911332905292510986e-02,1.681937836110591888e-02,-2.164843559265136719e+00,5.878373980522155762e-01,9.618530273437500000e-01,-2.438963158056139946e-03,1.221666812896728516e+00,-1.173424243927001953e+00,-1.877825260162353516e+00,6.090106964111328125e-01
-4.003522872924804688e+00,-6.799836158752441406e-01,-1.516471862792968750e+00,1.215018630027770996e+00,-2.636294364929199219e+00,4.410433173179626465e-01,6.212161779403686523e-01,1.233556941151618958e-01,-1.526895761489868164e-01,1.242911890149116516e-01,-1.100953578948974609e+00,7.541695237159729004e-01,2.315955162048339844e+00,5.524480342864990234e-01,3.840216398239135742e-01
5.207541584968566895e-02,-1.780350089073181152e+00,7.194308042526245117e-01,3.107232153415679932e-01,-1.020154833793640137e+00,2.321560382843017578e+00,-3.959914147853851318e-01,1.272432565689086914e+00,-1.610163807868957520e+00,1.150882244110107422e+00,8.222572803497314453e-01,-1.602547317743301392e-01,1.336739063262939453e+00,-1.515709877014160156e+00,-3.078831136226654053e-01
5.295497179031372070e-01,1.234588623046875000e+00,-1.985834598541259766e+00,-1.276755630970001221e-01,6.198999285697937012e-01,8.545398712158203125e-01,-5.939564704895019531e-01,2.210815548896789551e-01,7.570798397064208984e-01,1.041807420551776886e-02,-1.457648515701293945e+00,-2.589536607265472412e-01,1.228147029876708984e+00,1.156664848327636719e+00,1.116404175758361816e+00
-2.114167451858520508e+00,-1.046405196189880371e+00,1.604252457618713379e+00,1.000309586524963379e+00,1.014451861381530762e+00,-1.455562710762023926e-01,4.395630061626434326e-01,7.661647796630859375e-01,-5.768759250640869141e-01,-9.601126313209533691e-01,-1.560640335083007812e+00,2.503486275672912598e-01,1.623110055923461914e+00,-3.458300232887268066e-01,1.204090952873229980e+00
-3.203639507293701172e+00,-2.251902818679809570e+00,-6.190568208694458008e-01,2.061743736267089844e-01,2.920481860637664795e-01,6.462681889533996582e-01,-1.640825629234313965e+00,1.372922360897064209e-01,9.175999760627746582e-01,-5.587509274482727051e-01,-3.993529677391052246e-01,-7.450079917907714844e-01,1.595198273658752441e+00,6.962359547615051270e-01,1.410091757774353027e+00
1.184227943420410156e+00,-3.081619739532470703e-01,-3.184232711791992188e-01,2.453912734985351562e+00,5.728342104703187943e-03,1.839932918548583984e+00,-7.690250873565673828e-01,-7.977443933486938477e-01,3.013678193092346191e-01,-9.902661442756652832e-01,7.298136949539184570e-01,1.310216069221496582e+00,1.014331579208374023e+00,-5.341859459877014160e-01,1.058001756668090820e+00
-1.050740405917167664e-01,1.700245141983032227e-01,-7.402591705322265625e-01,-1.639475107192993164e+00,5.968439579010009766e-01,1.340171456336975098e+00,-1.001056671142578125e+00,-5.298293232917785645e-01,6.518992036581039429e-02,4.542483761906623840e-02,-1.313936058431863785e-02,1.806354045867919922e+00,-2.776679396629333496e-01,1.151674866676330566e+00,-5.493223071098327637e-01
-8.026437759399414062e-01,7.056060433387756348e-01,-1.454664468765258789e+00,9.502062797546386719e-01,4.772686064243316650e-01,1.579877138137817383e+00,1.159578442573547363e+00,-2.201265573501586914e+00,8.005221486091613770e-01,1.671105176210403442e-01,1.614314198493957520e+00,1.003207445144653320e+00,3.132342100143432617e-01,-1.659574508666992188e+00,1.577097773551940918e+00
-5.532925948500633240e-02,-7.747303694486618042e-02,-1.409306168556213379e+00,-2.510692358016967773e+00,-1.271399855613708496e+00,4.841120541095733643e-01,8.500267267227172852e-01,3.466934859752655029e-01,-1.703131914138793945e+00,-5.012243986129760742e-01,7.248176932334899902e-01,1.549530267715454102e+00,3.039519302546977997e-02,1.278621554374694824e+00,2.199542999267578125e+00
1.960638880729675293e+00,-1.385071754455566406e+00,8.106511831283569336e-01,-8.328378796577453613e-01,2.218915700912475586e+00,-9.129646420478820801e-01,6.089019179344177246e-01,1.163890957832336426e+00,6.128675341606140137e-01,-9.170529246330261230e-01,-1.471730113029479980e+00,3.601858913898468018e-01,-5.092796087265014648e-01,3.622379899024963379e-01,6.219059228897094727e-01
5.918578505516052246e-01,4.810338839888572693e-02,-1.483342647552490234e+00,2.298680305480957031e+00,2.177481889724731445e+00,-2.652049362659454346e-01,5.121621489524841309e-01,6.156598925590515137e-01,7.857627868652343750e-01,-7.034806907176971436e-02,-2.928685545921325684e-01,1.111017227172851562e+00,2.017544984817504883e+00,7.162700593471527100e-02,-1.559015870094299316e+00
4.564342796802520752e-01,1.649511218070983887e+00,7.877383232116699219e-01,1.346706271171569824e+00,1.803601384162902832e-01,-2.619148015975952148e+00,2.640088498592376709e-01,1.214437484741210938e+00,1.664477884769439697e-01,-1.086875677108764648e+00,-1.647723793983459473e+00,1.098132133483886719e+00,3.059434294700622559e-01,-4.525574445724487305e-01,1.068818449974060059e+00
2.307304620742797852e+00,-1.084823757410049438e-01,-9.820716977119445801e-01,8.043516278266906738e-01,-1.282114148139953613e+00,-6.648108959197998047e-01,-4.927448630332946777e-01,6.223598718643188477e-01,1.431402087211608887e+00,-2.422454953193664551e-01,6.606833338737487793e-01,-2.535755634307861328e-01,1.252918004989624023e+00,1.010974049568176270e-01,-6.535278558731079102e-01
-2.250419855117797852e+00,-1.567864179611206055e+00,2.132726907730102539e+00,-2.242127060890197754e-01,6.044803261756896973e-01,-1.016540527343750000e+00,-1.860390543937683105e+00,9.606358408927917480e-02,-6.697421073913574219e-01,-1.347760111093521118e-01,4.760946929454803467e-01,6.583162546157836914e-01,2.361217886209487915e-01,-1.433516383171081543e+00,1.645952582359313965e+00
-2.999048829078674316e-01,7.164683938026428223e-01,-3.679707348346710205e-01,1.929117441177368164e-01,-1.393780469894409180e+00,-1.734798192977905273e+00,-9.614201784133911133e-01,4.208393990993499756e-01,5.311287045478820801e-01,-1.893719196319580078e+00,3.283588588237762451e-01,1.058929800987243652e+00,-6.959647685289382935e-02,-2.003943443298339844e+00,-4.191101193428039551e-01
1.214561820030212402e+00,1.498418450355529785e+00,-7.723205089569091797e-01,-3.467240333557128906e-01,1.267347812652587891e+00,-1.038531541824340820e+00,4.197919368743896484e-01,-6.680110692977905273e-01,1.964337825775146484e+00,-4.356199204921722412e-01,8.271924257278442383e-01,-1.460382580757141113e+00,-8.949268460273742676e-01,1.817351698875427246e+00,2.603090368211269379e-02
1.891239523887634277e+00,1.281975269317626953e+00,-1.968500614166259766e-01,6.158475279808044434e-01,8.552702665328979492e-01,6.956492066383361816e-01,-4.116202592849731445e-01,7.907391786575317383e-01,7.247223258018493652e-01,-5.840938687324523926e-01,1.446880102157592773e-01,-3.671860098838806152e-01,1.158123090863227844e-01,8.502376079559326172e-01,-1.556306779384613037e-01
2.430972337722778320e+00,1.230663657188415527e+00,-2.071177721023559570e+00,1.349805474281311035e+00,-7.047070860862731934e-01,-1.214558720588684082e+00,-6.327536702156066895e-01,-2.485074251890182495e-01,1.223767280578613281e+00,9.969887137413024902e-01,-8.520483374595642090e-01,-7.542240023612976074e-01,-6.017204523086547852e-01,6.640179157257080078e-01,3.367632254958152771e-02
1.279558897018432617e+00,-8.878924250602722168e-01,3.615235388278961182e-01,5.694657564163208008e-01,2.655687808990478516e+00,4.719337522983551025e-01,1.469173908233642578e+00,-6.770549714565277100e-02,1.035984754562377930e+00,5.629920363426208496e-01,2.688507735729217529e-02,-8.080236315727233887e-01,-1.246408700942993164e+00,-1.029189378023147583e-01,-7.478513717651367188e-01
-1.176950111985206604e-01,9.717043638229370117e-01,-1.693914294242858887e+00,1.453549981117248535e+00,1.243275031447410583e-01,-1.093257069587707520e-01,1.043551921844482422e+00,-6.845866329967975616e-03,-1.455263972282409668e+00,4.821608960628509521e-01,-5.866314768791198730e-01,8.319835662841796875e-01,1.841324210166931152e+00,-3.025274351239204407e-02,-1.789641737937927246e+00
1.787005782127380371e+00,5.296828746795654297e-01,1.024379372596740723e+00,1.398644566535949707e+00,-1.572616249322891235e-01,-7.989619374275207520e-01,-9.428183436393737793e-01,-7.243432849645614624e-02,1.232518792152404785e+00,-1.200467228889465332e+00,-1.269957661628723145e+00,1.458120703697204590e+00,5.659832358360290527e-01,-2.392586916685104370e-01,-1.436630487442016602e+00
-4.020518362522125244e-01,8.892458081245422363e-01,1.955769419670104980e+00,2.602682113647460938e+00,-7.791783213615417480e-01,-9.018808007240295410e-01,-3.573712408542633057e-01,-4.457922279834747314e-01,1.447568774223327637e+00,-7.792410254478454590e-01,1.266401648521423340e+00,1.099131107330322266e+00,1.228637218475341797e+00,-1.655262351036071777e+00,-8.951895833015441895e-01
3.353038430213928223e-02,-1.631683409214019775e-01,-2.617633104324340820e+00,1.126398921012878418e+00,1.429659426212310791e-01,2.703540325164794922e+00,-5.224566459655761719e-01,1.827999234199523926e+00,-1.137785673141479492e+00,1.570855379104614258e+00,-2.249918282032012939e-01,5.866884589195251465e-01,4.522189795970916748e-01,-2.390377372503280640e-01,-8.678121566772460938e-01
-5.008496809750795364e-03,-2.604248046875000000e+00,1.546782106161117554e-01,-1.010992288589477539e+00,-1.186671853065490723e+00,2.441635280847549438e-01,-1.230820536613464355e+00,-1.045211553573608398e+00,-1.694026947021484375e+00,-2.353690624237060547e+00,-2.036766529083251953e+00,-5.682556629180908203e-01,2.224102973937988281e+00,-1.972702264785766602e+00,1.037620306015014648e+00
-5.096486210823059082e-01,-1.920113265514373779e-01,3.805358707904815674e-01,-2.473275661468505859e-01,-1.043630957603454590e+00,8.657379746437072754e-01,1.266409277915954590e+00,-1.152167394757270813e-01,-3.688243404030799866e-02,1.489349901676177979e-01,1.106115460395812988e+00,5.217989087104797363e-01,2.302119284868240356e-01,4.149392992258071899e-02,1.084774613380432129e+00
4.852035343647003174e-01,1.434302568435668945e+00,5.529600977897644043e-01,2.030438899993896484e+00,2.809058427810668945e-01,7.868387103080749512e-01,3.282019793987274170e-01,1.016701579093933105e+00,7.414025664329528809e-01,2.828166782855987549e-01,-1.050757646560668945e+00,9.020557999610900879e-01,7.155052423477172852e-01,3.278911411762237549e-01,-1.789788007736206055e+00
-1.132043242454528809e+00,-1.643086075782775879e+00,1.429438471794128418e+00,4.258408248424530029e-01,-1.276031374931335449e+00,-1.201579332351684570e+00,6.066282391548156738e-01,-5.774489045143127441e-01,7.349665164947509766e-01,1.205862998962402344e+00,-1.427135705947875977e+00,-1.651032641530036926e-02,-1.747882217168807983e-01,-3.234364092350006104e-01,3.918649852275848389e-01
-3.333051502704620361e-01,-6.706631183624267578e-01,1.556740164756774902e+00,-9.444913268089294434e-01,-5.863512754440307617e-01,6.165264248847961426e-01,5.845753550529479980e-01,2.814525365829467773e-01,1.383859217166900635e-01,-1.418101668357849121e+00,7.795646786689758301e-01,-1.202669620513916016e+00,-8.839369416236877441e-01,-1.083209156990051270e+00,8.032295107841491699e-01
1.268273711204528809e+00,2.454241752624511719e+00,4.048797190189361572e-01,2.024078130722045898e+00,-1.015364527702331543e+00,-2.618352174758911133e-01,-8.689875900745391846e-02,-2.261977642774581909e-01,6.977524161338806152e-01,-7.718404531478881836e-01,2.072715520858764648e+00,-3.390733301639556885e-01,-2.047295719385147095e-01,-8.381227850914001465e-01,-5.998947024345397949e-01
8.798508644104003906e-01,4.316845536231994629e-01,-7.148243784904479980e-01,1.947655081748962402e+00,-3.806565105915069580e-01,-1.494532585144042969e+00,-7.409883737564086914e-01,-6.814635396003723145e-01,1.497752070426940918e+00,-1.837220489978790283e-01,1.761486053466796875e+00,3.074002861976623535e-01,1.276596069335937500e+00,-1.801997542381286621e+00,-7.535268068313598633e-01
-9.863814711570739746e-01,3.202802315354347229e-02,7.928072214126586914e-01,2.592644840478897095e-02,-2.633148908615112305e+00,-7.046889066696166992e-01,2.329695463180541992e+00,8.069452643394470215e-01,-1.264748334884643555e+00,1.576298661530017853e-02,1.614275723695755005e-01,-2.080952823162078857e-01,-6.600725054740905762e-01,-6.348224282264709473e-01,3.017013892531394958e-02
-4.813509881496429443e-01,5.202112197875976562e-01,1.242354989051818848e+00,-7.486107349395751953e-01,3.860368132591247559e-01,6.091486215591430664e-01,-7.453291416168212891e-01,-7.622148841619491577e-02,5.767574906349182129e-01,-4.882141947746276855e-01,9.853364825248718262e-01,-1.098100021481513977e-01,3.147893548011779785e-01,1.239022254943847656e+00,6.563131213188171387e-01
-1.141537547111511230e+00,-1.583119392395019531e+00,9.169517159461975098e-01,-5.229866504669189453e-01,-2.851200103759765625e+00,-2.498114347457885742e+00,2.048354625701904297e+00,-2.233409166336059570e+00,2.357117176055908203e+00,-1.597776532173156738e+00,-4.814606010913848877e-01,5.787282586097717285e-01,1.978287398815155029e-01,-5.923743844032287598e-01,-2.308162748813629150e-01
2.151266634464263916e-01,2.215891927480697632e-01,5.028553605079650879e-01,1.208475708961486816e+00,-1.167912602424621582e+00,-4.028996229171752930e-01,-1.093022525310516357e-01,-2.132704973220825195e+00,1.248120307922363281e+00,-2.842549085617065430e+00,-1.332733869552612305e+00,1.391784667968750000e+00,1.119299292564392090e+00,6.053465008735656738e-01,-4.196356236934661865e-02
-1.587460517883300781e+00,-4.978811442852020264e-01,-5.205529332160949707e-01,-3.080219030380249023e-01,1.577463150024414062e+00,-1.279463768005371094e+00,-1.105985522270202637e+00,7.116119265556335449e-01,-3.769655525684356689e-01,3.471119105815887451e-01,6.083756089210510254e-01,3.530877530574798584e-01,1.152222514152526855e+00,-1.043166637420654297e+00,5.204473733901977539e-01
-7.412692159414291382e-02,-1.562905311584472656e+00,1.333207845687866211e+00,5.209424719214439392e-02,-1.786734223365783691e+00,2.019298076629638672e+00,7.910254597663879395e-01,6.714625358581542969e-01,-4.964709281921386719e-01,3.838463783264160156e+00,-7.960525751113891602e-01,1.701256990432739258e+00,-1.428372319787740707e-02,-1.690405368804931641e+00,1.484166383743286133e+00
1.922430038452148438e+00,-4.728098865598440170e-03,-1.067458271980285645e+00,8.165574669837951660e-01,-1.565126895904541016e+00,-7.834626436233520508e-01,-1.533971309661865234e+00,5.029262900352478027e-01,1.660303592681884766e+00,1.208469867706298828e-01,3.668010830879211426e-01,-6.945958137512207031e-01,5.959993004798889160e-01,8.398748934268951416e-02,-6.077640652656555176e-01
4.631792306900024414e-01,1.539114356040954590e+00,-5.065452456474304199e-01,1.650416135787963867e+00,-6.133796572685241699e-01,3.523596525192260742e-01,-2.524219453334808350e-01,8.656662106513977051e-01,8.521622419357299805e-01,-1.905329227447509766e-01,-3.443976342678070068e-01,-2.322230577468872070e+00,-1.619636118412017822e-01,1.805058121681213379e-01,-1.267556548118591309e+00
-3.579035103321075439e-01,-2.064927816390991211e+00,1.441033244132995605e+00,5.725040659308433533e-02,-1.070938110351562500e+00,-1.275437831878662109e+00,-4.214043915271759033e-01,-9.647949934005737305e-01,6.292344331741333008e-01,1.167289257049560547e+00,-1.532716631889343262e+00,2.383223734796047211e-02,2.968409359455108643e-01,2.978639304637908936e-01,6.945952773094177246e-01
-3.579235970973968506e-01,-2.064929246902465820e+00,1.441040396690368652e+00,5.725464224815368652e-02,-1.070949435234069824e+00,-1.275439500808715820e+00,-4.213992655277252197e-01,-9.647344350814819336e-01,6.292341947555541992e-01,1.167290210723876953e+00,-1.532723903656005859e+00,2.395592629909515381e-02,2.968325614929199219e-01,2.978481352329254150e-01,6.946482658386230469e-01
-2.908190153539180756e-02,1.624698519706726074e+00,1.374872446060180664e+00,1.103388905525207520e+00,9.715308547019958496e-01,7.982975989580154419e-02,1.540218591690063477e+00,2.904169559478759766e-01,2.250385582447052002e-01,6.196913123130798340e-01,-1.887184739112854004e+00,1.221530675888061523e+00,1.187378406524658203e+00,-2.580800950527191162e-01,9.109569787979125977e-01
-2.154853194952011108e-02,-1.686916351318359375e+00,-2.099438011646270752e-01,8.005414605140686035e-01,2.502047300338745117e+00,1.616461873054504395e+00,5.378287434577941895e-01,2.339556694030761719e+00,1.957765221595764160e-01,8.807664513587951660e-01,9.755922555923461914e-01,-2.000887542963027954e-01,-1.150939390063285828e-01,-3.972086906433105469e-01,-5.086557865142822266e-01
5.472851395606994629e-01,-8.609461188316345215e-01,-1.164094209671020508e+00,1.613062143325805664e+00,-2.538337707519531250e-01,-2.384342551231384277e-01,1.697552800178527832e+00,-1.538127183914184570e+00,-5.402925610542297363e-02,3.496467173099517822e-01,-5.133103132247924805e-01,-9.025979638099670410e-01,1.334486365318298340e+00,-2.178257942199707031e+00,-7.610070109367370605e-01
6.095768809318542480e-01,5.305765271186828613e-01,9.441058635711669922e-01,5.117889046669006348e-01,1.896999835968017578e+00,-5.975275114178657532e-02,-9.948505759239196777e-01,-5.762171149253845215e-01,-1.243045330047607422e+00,1.117305040359497070e+00,-1.109890818595886230e+00,-1.509121417999267578e+00,6.026881337165832520e-01,-9.143016338348388672e-01,-2.401441574096679688e+00
1.331223011016845703e+00,6.231199502944946289e-01,-8.717252612113952637e-01,2.192606925964355469e+00,-1.463826656341552734e+00,-1.535175919532775879e+00,-8.098711967468261719e-01,1.144417405128479004e+00,1.465189456939697266e+00,-6.625412106513977051e-01,-1.282676935195922852e+00,5.191871896386146545e-03,-1.289181113243103027e+00,-1.012005686759948730e+00,-1.211687326431274414e+00
-6.804285943508148193e-02,-1.600305438041687012e-01,7.409771084785461426e-01,-2.362349510192871094e+00,-1.619810312986373901e-01,-3.139238655567169189e-01,2.019789069890975952e-01,3.335459828376770020e-01,-2.059324085712432861e-01,9.353306889533996582e-01,9.976460933685302734e-01,-9.787642955780029297e-01,-3.329291343688964844e-01,-9.856877326965332031e-01,7.403913736343383789e-01
1.178951740264892578e+00,4.617087543010711670e-01,-8.015180826187133789e-01,1.022990942001342773e+00,-1.156385302543640137e+00,-3.791335225105285645e-01,-4.465676099061965942e-02,1.844342231750488281e+00,1.814463376998901367e+00,-8.983854651451110840e-01,-4.520600438117980957e-01,6.618438959121704102e-01,1.261046081781387329e-01,-7.127277255058288574e-01,-1.088516354560852051e+00
4.765563085675239563e-02,1.113452434539794922e+00,5.972965955734252930e-01,1.020981192588806152e+00,-2.919938564300537109e-01,-1.870596289634704590e+00,2.567977011203765869e-01,5.591634660959243774e-02,1.038244724273681641e+00,-2.105658531188964844e+00,6.154299378395080566e-01,1.615781784057617188e+00,5.284156650304794312e-03,-9.092550873756408691e-01,-1.943435817956924438e-01
9.324684739112854004e-01,5.471088290214538574e-01,-1.629510998725891113e+00,1.470731973648071289e+00,-1.295254945755004883e+00,-1.596800088882446289e+00,9.626781195402145386e-02,3.466528356075286865e-01,-1.337473094463348389e-01,-1.660982728004455566e+00,3.720335960388183594e-01,1.746057122945785522e-01,-9.479591995477676392e-02,-4.192662835121154785e-01,-1.640165925025939941e+00
-1.620669841766357422e+00,-9.518899321556091309e-01,1.100219368934631348e+00,-6.568734645843505859e-01,2.146575748920440674e-01,-1.817503869533538818e-01,-1.392154842615127563e-01,1.833909392356872559e+00,3.120711445808410645e-01,-1.010312676429748535e+00,-1.301384925842285156e+00,6.771411299705505371e-01,1.503715872764587402e+00,9.927416592836380005e-02,-2.028334140777587891e+00
2.325360029935836792e-01,6.169210076332092285e-01,-1.275712251663208008e+00,5.083544850349426270e-01,7.878994941711425781e-01,1.979755312204360962e-01,-9.733806252479553223e-01,1.077438235282897949e+00,8.361752629280090332e-01,-7.024744153022766113e-02,-5.606012344360351562e-01,-4.786346554756164551e-01,2.674391746520996094e+00,7.203271985054016113e-01,-1.373206824064254761e-01
-4.012480378150939941e-01,-1.646235108375549316e+00,6.819270849227905273e-01,-2.493788003921508789e+00,1.396332859992980957e+00,1.035511612892150879e+00,-3.264659047126770020e-01,1.845084309577941895e+00,3.829848393797874451e-02,7.912219166755676270e-01,-3.679404556751251221e-01,2.485900968313217163e-01,-1.252586603164672852e+00,-3.773962259292602539e-01,2.427279017865657806e-02
1.073639392852783203e+00,-3.310473561286926270e-01,3.954911977052688599e-02,1.186417698860168457e+00,-1.331801652908325195e+00,-1.634244322776794434e+00,-1.539918422698974609e+00,-2.932051420211791992e-01,1.024895429611206055e+00,-9.215252995491027832e-01,1.881926059722900391e+00,3.800314366817474365e-01,6.224368810653686523e-01,-6.979780197143554688e-01,-1.040253713726997375e-01
1.321466922760009766e+00,-1.418219447135925293e+00,1.761532723903656006e-01,-3.730560839176177979e-01,2.566323041915893555e+00,-6.676071882247924805e-01,-8.951835036277770996e-01,1.168322563171386719e-01,7.477064728736877441e-01,-1.600624918937683105e-01,1.629270076751708984e+00,-8.200781941413879395e-01,-4.777790606021881104e-01,-1.135297179222106934e+00,7.661934494972229004e-01
-4.946819245815277100e-01,-1.657488942146301270e+00,-1.702291131019592285e+00,-9.618695974349975586e-01,-3.109931349754333496e-01,-1.205523729324340820e+00,-5.768142938613891602e-01,1.397933959960937500e+00,-9.649859666824340820e-01,3.346394896507263184e-01,-8.276172876358032227e-01,2.546557664871215820e+00,4.716058373451232910e-01,1.774880439043045044e-01,2.241765737533569336e+00
1.483853340148925781e+00,1.267276525497436523e+00,-9.809284210205078125e-01,7.173325419425964355e-01,9.716152548789978027e-01,5.992760658264160156e-01,-1.913414716720581055e+00,7.570225000381469727e-01,-6.666166186332702637e-01,-7.863157242536544800e-02,-5.199981331825256348e-01,-9.817656278610229492e-01,1.095852494239807129e+00,3.086054027080535889e-01,-3.762216866016387939e-01
-2.864514112472534180e+00,-7.546225786209106445e-01,-8.943699598312377930e-01,-3.806866407394409180e-01,-3.120986938476562500e+00,-6.947326064109802246e-01,-8.555220365524291992e-01,-8.794266581535339355e-01,3.385918140411376953e+00,9.533895254135131836e-01,-1.241293668746948242e+00,-1.069625318050384521e-01,8.069032430648803711e-01,-1.008843898773193359e+00,-4.950908720493316650e-01
-1.801757693290710449e+00,-3.291493281722068787e-02,2.782104611396789551e-01,-1.164053916931152344e+00,-3.249067366123199463e-01,-1.152649521827697754e+00,1.660046219825744629e+00,1.050554633140563965e+00,-3.156234025955200195e-01,-9.184067249298095703e-01,8.273877203464508057e-02,2.074178159236907959e-01,3.261989951133728027e-01,-1.220836997032165527e+00,-7.786282896995544434e-01
-2.258615642786026001e-01,3.662413954734802246e-01,1.343558877706527710e-01,-8.722276091575622559e-01,-1.662073493003845215e+00,1.919537186622619629e+00,8.309190869331359863e-01,-8.233695477247238159e-02,-4.950410723686218262e-01,1.658568084239959717e-01,-1.342760622501373291e-01,1.230943202972412109e-01,8.341981768608093262e-01,-5.641967058181762695e-01,1.088374614715576172e+00
-5.580835416913032532e-02,-2.340454578399658203e+00,4.107119888067245483e-02,-1.185158848762512207e+00,-1.765803456306457520e+00,-1.106266617774963379e+00,-2.772257626056671143e-01,2.380763925611972809e-02,-1.003784537315368652e+00,1.942101001739501953e+00,-1.732434511184692383e+00,1.222030520439147949e+00,-2.073062181472778320e+00,1.167719006538391113e+00,-2.723422050476074219e-01
6.976959109306335449e-01,-7.796259522438049316e-01,-1.934502720832824707e+00,6.114090085029602051e-01,3.728090524673461914e-01,1.167864084243774414e+00,1.389791250228881836e+00,-2.099245041608810425e-01,4.242236912250518799e-01,-1.437845826148986816e+00,-1.727743625640869141e+00,9.386079013347625732e-02,-7.822027206420898438e-01,-1.374359846115112305e+00,3.464068472385406494e-01
-3.514133691787719727e-01,-1.417431712150573730e+00,-5.690577030181884766e-01,-9.441781640052795410e-01,-3.445599377155303955e-01,1.255803227424621582e+00,2.388368368148803711e+00,7.147292494773864746e-01,3.370106816291809082e-01,-5.208669900894165039e-01,1.075431182980537415e-01,1.362604856491088867e+00,1.444682002067565918e+00,9.261860847473144531e-01,-7.458466291427612305e-01
-3.579227924346923828e-01,-2.064964056015014648e+00,1.441035270690917969e+00,5.723930522799491882e-02,-1.070944309234619141e+00,-1.275435090065002441e+00,-4.214067161083221436e-01,-9.647305607795715332e-01,6.292325258255004883e-01,1.167285323143005371e+00,-1.532716751098632812e+00,2.397526055574417114e-02,2.968316972255706787e-01,2.978537082672119141e-01,6.946486234664916992e-01
-9.933735430240631104e-02,5.098089575767517090e-01,9.959596395492553711e-02,1.843539476394653320e+00,3.237241804599761963e-01,-2.859047174453735352e+00,-1.210271358489990234e+00,-9.115803241729736328e-02,-3.306191265583038330e-01,-2.312010765075683594e+00,-1.266905546188354492e+00,1.115288019180297852e+00,6.104168891906738281e-01,8.132518529891967773e-01,6.311395764350891113e-01
-1.132043123245239258e+00,-1.643074631690979004e+00,1.429443240165710449e+00,4.258437156677246094e-01,-1.276032328605651855e+00,-1.201579570770263672e+00,6.066216230392456055e-01,-5.774537324905395508e-01,7.349691390991210938e-01,1.205868363380432129e+00,-1.427136421203613281e+00,-1.650803163647651672e-02,-1.747869998216629028e-01,-3.234681487083435059e-01,3.918902873992919922e-01
2.365351915359497070e-01,-1.866723537445068359e+00,-1.755679011344909668e+00,1.208039402961730957e+00,5.980708599090576172e-01,2.785254001617431641e+00,8.498053252696990967e-02,6.254042983055114746e-01,-3.053345680236816406e+00,-1.499929130077362061e-01,1.856783747673034668e+00,-1.330970764160156250e+00,6.736714839935302734e-01,5.482216477394104004e-01,-9.448150992393493652e-01
-3.708937883377075195e+00,-1.512341618537902832e+00,-1.194186091423034668e+00,-7.008796334266662598e-01,-2.029419422149658203e+00,-1.209034800529479980e+00,-1.322862744331359863e+00,-8.728566765785217285e-01,1.595683813095092773e+00,2.524086952209472656e+00,-1.179010391235351562e+00,-3.588314950466156006e-01,4.209554493427276611e-01,-4.748091995716094971e-01,-1.007640883326530457e-01
-2.633339762687683105e-01,1.557241529226303101e-01,1.730264544486999512e+00,5.768086295574903488e-03,9.317364096641540527e-01,-7.961803078651428223e-01,-5.497289299964904785e-01,1.414390444755554199e+00,-2.639329910278320312e+00,5.230683088302612305e-02,2.800857424736022949e-01,-4.547309502959251404e-02,9.950722455978393555e-01,2.707224488258361816e-01,1.477559089660644531e+00
-4.218972623348236084e-01,2.781273126602172852e-01,-4.357997179031372070e-01,6.328721642494201660e-01,-4.206650853157043457e-01,-1.213759779930114746e+00,-1.867986679077148438e+00,-7.390607595443725586e-01,1.003805398941040039e+00,-1.883366227149963379e+00,5.208936929702758789e-01,1.262945771217346191e+00,5.294818282127380371e-01,-3.539557158946990967e-01,-4.516764357686042786e-02
-1.189442873001098633e+00,7.602373957633972168e-01,8.298059701919555664e-01,-6.322987079620361328e-01,8.259729146957397461e-01,-6.236853599548339844e-01,-1.004426002502441406e+00,1.182741165161132812e+00,-1.634661197662353516e+00,-2.249250859022140503e-01,-3.112409114837646484e-01,5.580108165740966797e-01,7.511438131332397461e-01,-7.267624735832214355e-01,3.149205744266510010e-01
-4.608894288539886475e-01,2.164290696382522583e-01,1.957030653953552246e+00,1.623936742544174194e-01,-2.674986362457275391e+00,4.422579705715179443e-01,2.952592968940734863e-01,6.481275558471679688e-01,1.050438284873962402e-01,-9.370110183954238892e-02,-5.478362441062927246e-01,2.695319652557373047e+00,7.697951197624206543e-01,-1.238824844360351562e+00,1.357603311538696289e+00
9.098158478736877441e-01,1.889064759016036987e-01,-1.868619084358215332e+00,7.133560180664062500e-01,-5.937235355377197266e-01,-4.287227690219879150e-01,-1.259379267692565918e+00,3.174061477184295654e-01,1.323440194129943848e+00,-1.303008198738098145e+00,7.845327258110046387e-01,7.751510739326477051e-01,1.019195437431335449e+00,4.166145324707031250e-01,-3.653067946434020996e-01
-2.647951364517211914e+00,2.104876995086669922e+00,7.246720790863037109e-01,1.627268195152282715e+00,3.134479522705078125e-01,-1.387384831905364990e-01,-1.316996932029724121e+00,-8.124158531427383423e-02,-1.538618206977844238e+00,1.263683319091796875e+00,-1.115558743476867676e-01,1.235618114471435547e+00,-5.546984076499938965e-01,6.162570118904113770e-01,1.175898551940917969e+00
1.575879573822021484e+00,-6.789503991603851318e-02,-1.599546909332275391e+00,-1.274956107139587402e+00,-9.828499555587768555e-01,-1.046690717339515686e-01,-1.246308445930480957e+00,1.765457868576049805e+00,-1.537623882293701172e+00,7.403916716575622559e-01,6.776604652404785156e-01,1.705083250999450684e+00,-7.944368720054626465e-01,6.523816585540771484e-01,1.068166494369506836e+00
1.090559720993041992e+00,-8.325287699699401855e-01,-1.719865679740905762e+00,5.722049474716186523e-01,9.894163608551025391e-01,5.178408622741699219e-01,1.498600095510482788e-01,5.494779348373413086e-02,1.990653038024902344e+00,-6.604776531457901001e-02,-9.385122656822204590e-01,-5.394955277442932129e-01,7.148822546005249023e-01,3.763710856437683105e-01,-6.102179884910583496e-01
-1.132043004035949707e+00,-1.643078088760375977e+00,1.429443001747131348e+00,4.258401691913604736e-01,-1.276030540466308594e+00,-1.201582670211791992e+00,6.066157817840576172e-01,-5.774543881416320801e-01,7.349702715873718262e-01,1.205866456031799316e+00,-1.427137970924377441e+00,-1.650832965970039368e-02,-1.747823953628540039e-01,-3.234695494174957275e-01,3.919941186904907227e-01
1.308773875236511230e+00,2.151136398315429688e+00,2.969944775104522705e-01,-5.446227788925170898e-01,1.511049270629882812e+00,1.238301277160644531e+00,1.812839269638061523e+00,-7.489488124847412109e-01,3.745763599872589111e-01,-5.592831373214721680e-01,8.535873293876647949e-01,4.117641448974609375e-01,-5.102443099021911621e-01,-7.695604562759399414e-01,-4.585932493209838867e-01
-7.727116942405700684e-01,7.012586593627929688e-01,3.732548654079437256e-01,1.590223908424377441e+00,2.151241749525070190e-01,1.145278215408325195e+00,5.300632119178771973e-01,-3.183458149433135986e-01,-6.582544445991516113e-01,-4.456499218940734863e-01,5.575974583625793457e-01,-2.661523520946502686e-01,-6.781657338142395020e-01,9.739170074462890625e-01,-3.516713902354240417e-02
-3.579201400279998779e-01,-2.064927816390991211e+00,1.441039204597473145e+00,5.724470317363739014e-02,-1.070947170257568359e+00,-1.275433182716369629e+00,-4.214080274105072021e-01,-9.647328257560729980e-01,6.292363405227661133e-01,1.167283892631530762e+00,-1.532720088958740234e+00,2.396526932716369629e-02,2.968357801437377930e-01,2.978548705577850342e-01,6.946601867675781250e-01
-7.390900254249572754e-01,1.508182048797607422e+00,1.831082105636596680e+00,-9.235133528709411621e-01,-5.618249177932739258e-01,7.443357259035110474e-02,-9.273322820663452148e-01,1.844013452529907227e+00,2.002497911453247070e+00,-1.241087317466735840e+00,3.358863294124603271e-01,6.341309100389480591e-02,-1.291841387748718262e+00,1.430416554212570190e-01,-2.322016507387161255e-01
-9.768014550209045410e-01,1.351133286952972412e-01,7.479549646377563477e-01,-8.386211991310119629e-01,7.788688540458679199e-01,4.824539124965667725e-01,1.144686818122863770e+00,-2.001587152481079102e-01,4.366915524005889893e-01,-9.946205615997314453e-01,1.033299803733825684e+00,-1.059870362281799316e+00,-1.704988479614257812e+00,2.841611802577972412e-01,-3.651874065399169922e-01
1.639361262321472168e+00,1.364187479019165039e+00,2.621221542358398438e-02,4.259445071220397949e-01,2.045444995164871216e-01,3.439006209373474121e-01,-5.808414816856384277e-01,6.342171430587768555e-01,7.328397631645202637e-01,-1.236834764480590820e+00,8.539550304412841797e-01,-1.095697283744812012e-01,2.380448281764984131e-01,1.072786092758178711e+00,-4.851401746273040771e-01
2.102338552474975586e+00,4.791802465915679932e-01,2.719581127166748047e-01,1.939425766468048096e-01,-8.146414905786514282e-02,7.904092669486999512e-01,-1.321689188480377197e-01,-7.282258570194244385e-02,1.594408631324768066e+00,-9.372950792312622070e-01,1.405765295028686523e+00,-2.017458826303482056e-01,-7.184894680976867676e-01,1.413220047950744629e+00,-1.675816774368286133e+00
-5.366079211235046387e-01,1.522526979446411133e+00,9.166925400495529175e-02,8.144337534904479980e-01,1.548532009124755859e+00,1.038486838340759277e+00,-3.365993201732635498e-01,-1.426669359207153320e+00,-2.834623813629150391e+00,6.471831202507019043e-01,-9.758485853672027588e-02,5.418451428413391113e-01,9.101581573486328125e-01,7.795002460479736328e-01,3.280129432678222656e-01
-5.511251688003540039e-01,-2.782208919525146484e+00,8.263802528381347656e-01,1.291875541210174561e-01,2.034487962722778320e+00,-4.297057986259460449e-01,-4.064987897872924805e-01,-5.982192754745483398e-01,-3.806672394275665283e-01,-1.943827152252197266e+00,6.179094910621643066e-01,-5.773505568504333496e-01,1.473841369152069092e-01,-6.090095639228820801e-01,-6.326919198036193848e-01
1.263236522674560547e+00,-1.595427393913269043e+00,-2.656067013740539551e-01,1.546787738800048828e+00,1.650537014007568359e+00,2.745225667953491211e+00,5.678883194923400879e-01,7.464168667793273926e-01,4.914457798004150391e-01,-2.469733506441116333e-01,-2.273962736129760742e+00,-3.737660944461822510e-01,2.053359448909759521e-01,6.634155511856079102e-01,1.573932051658630371e+00
-8.484544754028320312e-01,-1.557494163513183594e+00,4.332037866115570068e-01,-1.129083856940269470e-01,-1.019133925437927246e+00,-2.011364698410034180e+00,1.199938178062438965e+00,-7.097525596618652344e-01,6.006730794906616211e-01,8.601643443107604980e-01,-1.417572259902954102e+00,6.038326025009155273e-02,-8.773553371429443359e-01,6.224657595157623291e-02,7.073044180870056152e-01
6.065446138381958008e-01,-2.413141727447509766e+00,5.186154246330261230e-01,6.063640713691711426e-01,7.929647713899612427e-02,1.633726239204406738e+00,-2.805477976799011230e-01,-1.123686194419860840e+00,2.420780658721923828e-01,2.040491402149200439e-01,2.094583660364151001e-01,1.128660440444946289e-01,-1.547520995140075684e+00,5.143800377845764160e-01,-1.086797595024108887e+00
1.196682691574096680e+00,4.207599461078643799e-01,-6.241684556007385254e-01,8.821473121643066406e-01,7.945158481597900391e-01,7.528159022331237793e-01,4.107273817062377930e-01,-3.376656174659729004e-01,-5.735738873481750488e-01,-1.349643170833587646e-01,-7.803881168365478516e-01,-9.892019033432006836e-01,-7.785618305206298828e-02,1.989889740943908691e+00,-3.728957772254943848e-01
8.205515891313552856e-02,-2.075681447982788086e+00,-4.443400204181671143e-01,1.302635818719863892e-01,4.214536845684051514e-01,-1.394266366958618164e+00,-1.465457975864410400e-01,3.702271878719329834e-01,-2.144863843917846680e+00,-1.111064434051513672e+00,-7.301847338676452637e-01,1.258631944656372070e+00,-1.083279371261596680e+00,-1.153980016708374023e+00,1.723287582397460938e+00
-1.876060962677001953e+00,1.142122149467468262e+00,1.229709506034851074e+00,-1.523644566535949707e+00,2.022301852703094482e-01,3.842851221561431885e-01,-2.026025772094726562e+00,-3.615480363368988037e-01,-1.457031726837158203e+00,-1.226968526840209961e+00,1.008312702178955078e+00,4.017711579799652100e-01,-5.890612602233886719e-01,-8.512280583381652832e-01,-5.277013182640075684e-01
9.960206747055053711e-01,-2.356494903564453125e+00,-3.941220343112945557e-01,-1.197734624147415161e-01,-6.613159179687500000e-01,1.674776077270507812e-01,-2.162880152463912964e-01,-9.730708599090576172e-01,1.026202458888292313e-02,1.830277681350708008e+00,-1.954972028732299805e+00,5.508024096488952637e-01,-8.234595656394958496e-01,7.856702804565429688e-01,-2.188074350357055664e+00
-8.484531044960021973e-01,-1.557494997978210449e+00,4.332027733325958252e-01,-1.129108294844627380e-01,-1.019133567810058594e+00,-2.011363983154296875e+00,1.199938893318176270e+00,-7.097525596618652344e-01,6.006720066070556641e-01,8.601647019386291504e-01,-1.417571187019348145e+00,6.038357689976692200e-02,-8.773568272590637207e-01,6.224896386265754700e-02,7.073023915290832520e-01
1.190075755119323730e+00,1.965868711471557617e+00,-4.743002653121948242e-01,1.554635405540466309e+00,6.725569367408752441e-01,-1.735952645540237427e-01,-1.570331931114196777e+00,5.673587322235107422e-02,-2.542383074760437012e-01,1.587987661361694336e+00,2.606069743633270264e-01,-1.868847250938415527e+00,3.954755365848541260e-01,-2.944012582302093506e-01,-1.042488098144531250e+00
4.689919650554656982e-01,1.570973038673400879e+00,-3.132718801498413086e-01,1.276798129081726074e+00,-1.574308425188064575e-01,-4.754207134246826172e-01,3.116757869720458984e-01,-3.829669654369354248e-01,5.524516701698303223e-01,-4.047918319702148438e-01,-9.005917906761169434e-01,-2.496508121490478516e+00,7.222886085510253906e-01,2.276272296905517578e+00,1.141235828399658203e+00
4.714236557483673096e-01,5.462980866432189941e-01,1.157708764076232910e+00,-9.887354820966720581e-02,1.862915754318237305e-01,1.878175854682922363e+00,1.357627034187316895e+00,-1.360967010259628296e-01,2.066800296306610107e-01,-4.267021268606185913e-02,1.124695301055908203e+00,6.459100842475891113e-01,-1.373132944107055664e+00,8.806793093681335449e-01,-8.155530095100402832e-01
-8.929020762443542480e-01,-1.335430145263671875e+00,-3.373543024063110352e-01,-9.133489727973937988e-01,2.325817197561264038e-01,6.980802416801452637e-01,-6.070998907089233398e-01,-1.544198870658874512e+00,-6.804908514022827148e-01,-3.383364081382751465e-01,6.414498090744018555e-01,2.161854267120361328e+00,7.715830802917480469e-01,5.589765906333923340e-01,-8.997440338134765625e-01
2.575594425201416016e+00,5.256849527359008789e-01,3.565957248210906982e-01,4.288569986820220947e-01,5.246738791465759277e-01,7.595311999320983887e-01,-5.535969138145446777e-01,-6.894066929817199707e-01,1.467493653297424316e+00,-2.217779308557510376e-01,1.600340962409973145e+00,3.717884123325347900e-01,9.332912415266036987e-02,1.113321185111999512e+00,-1.749139070510864258e+00
-4.730601310729980469e-01,3.052694723010063171e-02,1.812280774116516113e+00,-3.546703159809112549e-01,-1.255302727222442627e-01,1.751908183097839355e+00,-1.181146502494812012e+00,5.867937207221984863e-02,-7.108668684959411621e-01,-9.335153698921203613e-01,-2.816617488861083984e-01,-1.061949253082275391e+00,-9.137068390846252441e-01,1.953988194465637207e+00,4.237163662910461426e-01
-5.605382919311523438e-01,3.029050230979919434e-01,-3.483993709087371826e-01,-4.236142337322235107e-01,5.772919058799743652e-01,1.143392920494079590e+00,7.406671047210693359e-01,9.112113714218139648e-01,2.599971771240234375e+00,2.375943899154663086e+00,6.017200350761413574e-01,1.608223438262939453e+00,-1.640975832939147949e+00,9.934709668159484863e-01,8.500719070434570312e-01
2.100200176239013672e+00,1.824188590049743652e+00,-7.638061642646789551e-01,3.360684812068939209e-01,9.380177855491638184e-01,5.389245972037315369e-02,7.958090305328369141e-01,2.421410799026489258e+00,-6.189801543951034546e-02,-4.484148919582366943e-01,5.627809762954711914e-01,5.403820872306823730e-01,-7.771524786949157715e-02,3.132082521915435791e-01,-5.069658756256103516e-01
4.714243412017822266e-01,5.462950468063354492e-01,1.157707810401916504e+00,-9.888218343257904053e-02,1.862911283969879150e-01,1.878178119659423828e+00,1.357625246047973633e+00,-1.360947787761688232e-01,2.066830098628997803e-01,-4.266453906893730164e-02,1.124704003334045410e+00,6.459044218063354492e-01,-1.373137474060058594e+00,8.806812167167663574e-01,-8.155531883239746094e-01
-6.557508111000061035e-01,3.227913379669189453e-01,-1.518809497356414795e-01,1.029962301254272461e+00,1.325606822967529297e+00,1.891484409570693970e-01,3.624629378318786621e-01,-5.208030343055725098e-01,-7.941849231719970703e-01,-1.227508187294006348e+00,-3.525128215551376343e-02,9.687170982360839844e-01,-2.025352716445922852e+00,3.514272570610046387e-01,-5.381990671157836914e-01
5.007137060165405273e-01,1.406969785690307617e+00,3.444170653820037842e-01,-1.508761048316955566e+00,2.498349428176879883e+00,-5.893566645681858063e-03,-1.298376917839050293e-01,3.992097675800323486e-01,1.651516109704971313e-01,2.271786183118820190e-01,1.934815526008605957e+00,-3.456615284085273743e-02,-1.032260894775390625e+00,-3.232524991035461426e-01,-9.352967143058776855e-02
1.743056416511535645e+00,-5.198759436607360840e-01,-5.035754442214965820e-01,2.668673992156982422e-01,1.346679568290710449e+00,8.545641899108886719e-01,6.590676307678222656e-01,-6.057562828063964844e-01,-4.075229763984680176e-01,-2.021363496780395508e+00,3.564991652965545654e-01,-7.404322028160095215e-01,2.260616868734359741e-01,-3.502486348152160645e-01,1.402610912919044495e-02
1.447082042694091797e+00,6.417629718780517578e-01,-3.099875450134277344e-01,1.332248687744140625e+00,1.245924234390258789e+00,8.694185614585876465e-01,-7.700524330139160156e-01,8.227179646492004395e-01,8.833329081535339355e-01,-7.123956680297851562e-01,-8.055102825164794922e-01,-2.017902024090290070e-02,-8.301284909248352051e-02,9.728599786758422852e-01,-1.051831126213073730e+00
9.063673019409179688e-01,1.146706938743591309e+00,-3.852966129779815674e-01,1.835816144943237305e+00,7.208454608917236328e-01,6.720938682556152344e-01,4.698860645294189453e-01,1.349018692970275879e+00,1.026898860931396484e+00,-6.019530296325683594e-01,-8.305909633636474609e-01,-5.042092502117156982e-02,-5.842503309249877930e-01,2.520179450511932373e-01,-1.338610887527465820e+00
2.450875282287597656e+00,-2.971707582473754883e-01,7.381505966186523438e-01,-1.590537548065185547e+00,1.432227849960327148e+00,-5.048862472176551819e-02,9.401744604110717773e-01,-7.304356694221496582e-01,-3.398196697235107422e-01,1.654233217239379883e+00,-3.326057493686676025e-01,-2.407401800155639648e-01,1.798209667205810547e+00,1.438882946968078613e-01,-1.626743078231811523e+00
5.836816430091857910e-01,2.391170501708984375e+00,2.411749213933944702e-01,1.074395656585693359e+00,-5.469149947166442871e-01,-1.433199882507324219e+00,6.386492252349853516e-01,-1.323545336723327637e+00,5.653748512268066406e-01,-1.787028908729553223e+00,3.753992021083831787e-01,4.596032574772834778e-02,-3.576154261827468872e-02,-4.883754551410675049e-01,-1.057699084281921387e+00
-9.872196912765502930e-01,-5.554443001747131348e-01,8.001314997673034668e-01,-2.230515003204345703e+00,-4.650137722492218018e-01,-1.418683677911758423e-01,3.173953294754028320e-01,6.359855085611343384e-02,-4.404023885726928711e-01,1.424754619598388672e+00,8.913962841033935547e-01,-2.198863506317138672e+00,-1.587554812431335449e+00,-3.851419687271118164e-01,-1.075125694274902344e+00
6.841917037963867188e-01,3.392296731472015381e-01,4.422343373298645020e-01,1.058643102645874023e+00,-1.179953336715698242e+00,-1.872140020132064819e-01,5.573463439941406250e-02,-1.767905235290527344e+00,3.819038867950439453e-01,-3.025224924087524414e+00,3.493790328502655029e-01,2.481182813644409180e-01,1.785522937774658203e+00,1.247118860483169556e-01,-1.021214485168457031e+00
-1.309269815683364868e-01,-1.912266731262207031e+00,6.355491280555725098e-01,-4.230595529079437256e-01,-9.831154346466064453e-01,-1.899156451225280762e+00,-1.043754350394010544e-02,-1.125655293464660645e+00,4.883351325988769531e-01,6.724486351013183594e-01,-1.588093876838684082e+00,1.629898697137832642e-01,-6.962485909461975098e-01,7.860807180404663086e-01,1.138975143432617188e+00
4.057812094688415527e-01,2.467931747436523438e+00,1.763378381729125977e+00,-1.237230971455574036e-01,2.781991064548492432e-01,-4.719120860099792480e-01,-1.815302252769470215e+00,9.989889860153198242e-01,-8.931758999824523926e-01,7.605999708175659180e-01,1.008732676506042480e+00,-6.865461822599172592e-03,-5.572730302810668945e-01,1.706797480583190918e+00,-1.270499229431152344e+00
3.553069233894348145e-01,1.436134576797485352e+00,4.511630237102508545e-01,7.035142779350280762e-01,6.649841666221618652e-01,8.980975151062011719e-01,1.186952590942382812e+00,-6.914721131324768066e-01,-1.640216261148452759e-01,-1.336187124252319336e-01,6.548190116882324219e-01,2.807939648628234863e-01,5.198140740394592285e-01,-3.459745943546295166e-01,-5.749961137771606445e-01
7.370595932006835938e-01,2.429273426532745361e-01,-1.319729924201965332e+00,1.591213226318359375e+00,3.314944505691528320e-01,6.347927451133728027e-01,-9.355356544256210327e-02,7.476962208747863770e-01,5.635532140731811523e-01,-7.605643272399902344e-01,-1.126315951347351074e+00,-8.060754090547561646e-02,-1.152498722076416016e+00,-9.202603697776794434e-01,-1.742538094520568848e+00
1.133602380752563477e+00,6.017135977745056152e-01,-7.028447985649108887e-01,-1.858161240816116333e-01,1.632608890533447266e+00,1.191032648086547852e+00,-8.578280210494995117e-01,-1.444501280784606934e-01,-7.437250018119812012e-01,-6.811122298240661621e-01,1.176171183586120605e+00,-1.304699301719665527e+00,-2.809368968009948730e-01,2.541913092136383057e-01,9.432937949895858765e-02
1.225885868072509766e+00,1.105400085449218750e+00,-1.194811105728149414e+00,2.974314987659454346e-01,9.268373250961303711e-01,4.564936161041259766e-01,-1.395304322242736816e+00,-3.775482475757598877e-01,1.448659658432006836e+00,-3.544362634420394897e-02,-5.301544070243835449e-01,-2.606923878192901611e-01,-1.760190129280090332e+00,2.996301651000976562e-01,-9.891166687011718750e-01
-1.107038855552673340e+00,-3.143777251243591309e-01,1.961622595787048340e+00,-1.165905475616455078e+00,-6.260564327239990234e-01,2.211158752441406250e+00,7.595561742782592773e-01,1.791322380304336548e-01,8.528501391410827637e-01,1.645582541823387146e-02,7.162601351737976074e-01,-1.380574345588684082e+00,5.139667987823486328e-01,4.133076369762420654e-01,-1.906098842620849609e+00
-4.267360568046569824e-01,-1.862845122814178467e-01,1.502024292945861816e+00,-1.747363209724426270e+00,-1.314548373222351074e+00,-8.895434141159057617e-01,3.112835586071014404e-01,7.228376269340515137e-01,-1.374540448188781738e+00,9.160767197608947754e-01,1.424313068389892578e+00,-5.945315957069396973e-01,-5.804957151412963867e-01,-1.780471205711364746e+00,-1.578707695007324219e-01
-7.901839613914489746e-01,7.530024647712707520e-01,-1.328052133321762085e-01,1.057956576347351074e+00,5.960769057273864746e-01,2.923324704170227051e-01,8.813391923904418945e-01,-6.127059459686279297e-01,-3.880180418491363525e-01,-4.902197420597076416e-01,7.326276898384094238e-01,6.216446757316589355e-01,-9.983264207839965820e-01,1.183682084083557129e+00,1.525099873542785645e-01
-2.159606069326400757e-01,2.099324941635131836e+00,7.192074656486511230e-01,-5.850685834884643555e-01,4.324552118778228760e-01,-3.893689811229705811e-01,-9.116709232330322266e-01,3.369484245777130127e-01,-2.178402662277221680e+00,1.318046152591705322e-01,5.996250510215759277e-01,-3.465102612972259521e-01,4.057866036891937256e-01,1.467950224876403809e+00,-2.227142095565795898e+00
8.032692670822143555e-01,-4.500390291213989258e-01,-8.562414646148681641e-01,1.517748475074768066e+00,7.881253361701965332e-01,3.629564046859741211e-01,-3.951341211795806885e-01,8.879025578498840332e-01,7.782145142555236816e-01,7.289928942918777466e-02,2.827013254165649414e+00,9.334819912910461426e-01,1.569838047027587891e+00,9.800582528114318848e-01,2.348779916763305664e+00
2.981732487678527832e-01,5.177648663520812988e-01,1.308066248893737793e+00,-5.266572833061218262e-01,-1.183907091617584229e-01,-2.209942936897277832e-01,6.234899163246154785e-01,1.847839474678039551e+00,-9.535499215126037598e-01,2.485419034957885742e+00,1.991042643785476685e-01,-1.542063832283020020e+00,-1.324361562728881836e+00,-8.091343194246292114e-02,-8.247511982917785645e-01
-2.029776573181152344e-01,-5.781829357147216797e-01,-2.053824812173843384e-01,-1.924061536788940430e+00,1.861440062522888184e+00,-9.235056489706039429e-02,3.466773629188537598e-01,7.044737339019775391e-01,-6.544653773307800293e-01,7.152260541915893555e-01,1.679852366447448730e+00,5.387585759162902832e-01,7.237451076507568359e-01,2.272329926490783691e-01,-9.510378837585449219e-01
-5.954715013504028320e-01,-6.666001677513122559e-01,-1.585252732038497925e-01,-1.995207071304321289e-01,-3.469271063804626465e-01,7.271984815597534180e-01,-2.593796253204345703e-01,-1.504570960998535156e+00,2.823533117771148682e-02,-6.315078586339950562e-02,1.278972506523132324e+00,-1.562452316284179688e-01,-3.626038134098052979e-01,9.112979173660278320e-01,1.563529014587402344e+00
2.697615623474121094e-01,-2.753988653421401978e-02,8.061108589172363281e-01,-6.808869838714599609e-01,5.929993987083435059e-01,5.906725525856018066e-01,8.496816754341125488e-01,-1.090549945831298828e+00,3.958738967776298523e-02,-8.993373513221740723e-01,9.299674034118652344e-01,4.816012457013130188e-02,6.326087713241577148e-01,9.630269408226013184e-01,1.204521536827087402e+00
-3.247382044792175293e-01,-9.194483160972595215e-01,-5.740406513214111328e-01,-1.098382994532585144e-01,1.668071448802947998e-01,8.370002508163452148e-01,-1.951411515474319458e-01,-1.132600307464599609e+00,-2.571215927600860596e-01,2.213588058948516846e-01,3.316998779773712158e-01,-1.339595951139926910e-02,-6.830857396125793457e-01,1.013625264167785645e+00,1.148725390434265137e+00
-7.401006817817687988e-01,7.342696189880371094e-01,-9.492309689521789551e-01,8.730919957160949707e-01,3.020606338977813721e-01,6.107285991311073303e-02,5.339264273643493652e-01,-5.161740183830261230e-01,2.958956360816955566e-01,2.620220482349395752e-01,1.435498833656311035e+00,5.415558815002441406e-01,-8.710106015205383301e-01,-6.953912973403930664e-02,-3.932105600833892822e-01
-5.043761730194091797e-01,-1.999228477478027344e+00,-6.285852193832397461e-01,2.832069396972656250e-01,-3.942987918853759766e-01,6.328727602958679199e-01,6.391488313674926758e-01,1.977781653404235840e+00,5.613449811935424805e-01,-8.180912137031555176e-01,-1.222940087318420410e+00,-5.328971743583679199e-01,-3.948312997817993164e-01,1.044681906700134277e+00,-3.022010564804077148e+00
9.606896042823791504e-01,1.826488852500915527e+00,2.329555004835128784e-01,-1.079246476292610168e-01,3.192549943923950195e-01,1.245124578475952148e+00,-2.151622295379638672e+00,-5.418356657028198242e-01,-1.536687761545181274e-01,-1.839647144079208374e-01,8.570007979869842529e-02,-4.833064079284667969e-01,1.386517047882080078e+00,-4.844245910644531250e-01,-2.029448561370372772e-02
-3.235736489295959473e-02,3.863368332386016846e-01,4.959442615509033203e-01,-9.936656355857849121e-01,9.518796801567077637e-01,5.967162251472473145e-01,-3.490996956825256348e-01,-1.513090491294860840e+00,-5.102911591529846191e-01,-5.571744441986083984e-01,1.238117814064025879e+00,-1.357468843460083008e+00,3.536429703235626221e-01,5.752936005592346191e-01,1.658941268920898438e+00
6.783675551414489746e-01,-3.684554100036621094e-01,5.977266430854797363e-01,-1.541766047477722168e+00,5.623425245285034180e-01,1.440753817558288574e+00,1.255443692207336426e+00,8.049480319023132324e-01,-3.022685766220092773e+00,-1.585707217454910278e-01,-8.538699746131896973e-01,-3.072218298912048340e-01,-2.774705924093723297e-02,9.955011606216430664e-01,5.763794183731079102e-01
2.151458978652954102e+00,1.036959528923034668e+00,2.550899088382720947e-01,3.223266303539276123e-01,3.853606283664703369e-01,9.163401722908020020e-01,7.129988074302673340e-02,-1.172474265098571777e+00,-1.217476874589920044e-01,-8.032131940126419067e-02,-9.770662784576416016e-01,1.176960706710815430e+00,7.311995327472686768e-02,-3.026012517511844635e-02,1.469605803489685059e+00
9.976419806480407715e-02,1.966883420944213867e+00,-8.521719574928283691e-01,8.134853243827819824e-01,-2.674508094787597656e-01,1.313806891441345215e+00,-4.989624321460723877e-01,-7.994235754013061523e-01,7.336342334747314453e-01,-1.848727464675903320e-01,-5.628018975257873535e-01,3.170084357261657715e-01,-2.478592544794082642e-01,-1.084702730178833008e+00,-1.211773395538330078e+00
2.579487860202789307e-01,1.054984331130981445e+00,-1.063197970390319824e+00,-1.854101657867431641e+00,8.426377177238464355e-01,-1.416751384735107422e+00,1.998087882995605469e+00,5.958231538534164429e-02,5.526768565177917480e-01,-1.104544878005981445e+00,-1.045959472656250000e+00,-1.176153659820556641e+00,-6.653890609741210938e-01,7.406479716300964355e-01,-2.521383523941040039e+00
1.564256548881530762e+00,1.074823498725891113e+00,8.714664578437805176e-01,-3.024090528488159180e+00,1.689462780952453613e+00,-3.161526024341583252e-01,-2.563720643520355225e-01,2.764383852481842041e-01,-1.894246190786361694e-01,-6.108444929122924805e-01,1.663149446249008179e-01,5.048251152038574219e-01,1.892259567975997925e-01,9.525537490844726562e-01,-1.496270447969436646e-01
1.064308881759643555e+00,1.675550341606140137e+00,1.789201498031616211e-01,-2.197620630264282227e+00,-3.208514451980590820e-01,1.761268377304077148e+00,-8.281301259994506836e-01,2.196158170700073242e+00,-1.768819808959960938e+00,-2.049250125885009766e+00,8.116259574890136719e-01,3.684373497962951660e-01,-1.262561559677124023e+00,1.839029341936111450e-01,-1.410301029682159424e-01
-1.082031726837158203e+00,8.135092444717884064e-03,-5.178925991058349609e-01,6.176736950874328613e-01,-3.812883794307708740e-01,1.067781224846839905e-01,1.154335498809814453e+00,-5.791910886764526367e-01,-2.117692232131958008e-01,-1.956403069198131561e-02,3.583594858646392822e-01,-7.113883495330810547e-01,-9.234628677368164062e-01,4.548608660697937012e-01,1.516158699989318848e+00
-6.273716688156127930e-01,-7.800153493881225586e-01,-1.469775140285491943e-01,-1.550939679145812988e+00,-7.551205158233642578e-01,-1.097440361976623535e+00,9.999576210975646973e-01,8.960077762603759766e-01,-2.065209388732910156e+00,-1.648543000221252441e+00,3.812970519065856934e-01,6.553755402565002441e-01,-1.365113973617553711e+00,1.356043696403503418e+00,1.051212430000305176e+00
-1.038010120391845703e+00,-5.992472767829895020e-01,-7.423712313175201416e-02,-1.245141625404357910e+00,4.500598609447479248e-01,5.582680702209472656e-01,-4.146204888820648193e-01,5.907439589500427246e-01,-1.092918753623962402e+00,8.485152125358581543e-01,9.244900941848754883e-01,-8.613113760948181152e-01,-8.538367152214050293e-01,1.209897398948669434e-01,2.733992338180541992e-01
7.894833087921142578e-01,2.049957275390625000e+00,-1.111322760581970215e+00,-1.479990243911743164e+00,-9.536442160606384277e-01,5.346570014953613281e-01,-1.894082188606262207e+00,9.213748574256896973e-01,-8.525197952985763550e-02,2.699072957038879395e-01,-7.708875536918640137e-01,-1.780232429504394531e+00,-6.978663057088851929e-02,-5.948057174682617188e-01,2.357383817434310913e-01
1.819913983345031738e-01,-1.475518494844436646e-01,2.687157988548278809e-01,6.769176721572875977e-01,7.886070609092712402e-01,7.479062676429748535e-02,-4.064076542854309082e-01,-1.108817934989929199e+00,-1.120674848556518555e+00,-1.095055818557739258e+00,5.595653653144836426e-01,5.979355573654174805e-01,-5.997779369354248047e-01,1.094608187675476074e+00,3.303759694099426270e-01
4.230778217315673828e-01,1.726531386375427246e+00,1.065769642591476440e-01,-1.392128020524978638e-01,1.647710442543029785e+00,4.146901369094848633e-01,-1.985012739896774292e-01,6.814166158437728882e-02,-7.878884673118591309e-01,1.367018580436706543e+00,-2.295977026224136353e-01,-2.781571447849273682e-01,1.403223514556884766e+00,-1.809702441096305847e-02,-7.636201381683349609e-01
1.845929473638534546e-01,-1.194120407104492188e+00,-9.812556952238082886e-02,-4.780561923980712891e-01,-3.281178474426269531e-01,-1.394741415977478027e+00,-4.104294776916503906e-01,-2.193921089172363281e+00,-1.151578277349472046e-01,4.207663834095001221e-01,-1.746926665306091309e+00,8.952719569206237793e-01,-3.327067494392395020e-01,-1.002509832382202148e+00,1.264805197715759277e+00
1.047497868537902832e+00,-4.933692812919616699e-01,-6.790727376937866211e-01,2.915185928344726562e+00,-5.831908583641052246e-01,3.254862546920776367e+00,-1.171022355556488037e-01,9.733812808990478516e-01,-4.845295250415802002e-01,1.988003969192504883e+00,-6.260609626770019531e-01,1.173566460609436035e+00,-7.476070523262023926e-01,-5.787574052810668945e-01,-4.353726208209991455e-01
-8.480141758918762207e-01,5.309178829193115234e-01,-7.088488340377807617e-01,-1.013036251068115234e+00,-5.736941099166870117e-01,-9.270073771476745605e-01,3.911313414573669434e-01,-2.285054683685302734e+00,-1.380659461021423340e+00,1.964572310447692871e+00,-5.860482454299926758e-01,-4.062261283397674561e-01,-1.218423485755920410e+00,-4.154805243015289307e-01,1.277606248855590820e+00
9.331265836954116821e-02,-2.085583657026290894e-01,-1.093546152114868164e+00,1.173753499984741211e+00,1.321709275245666504e+00,7.202671170234680176e-01,-1.249509930610656738e+00,1.336769580841064453e+00,-9.287677407264709473e-01,1.434642672538757324e+00,-2.252972841262817383e+00,-1.987059712409973145e+00,-8.000360131263732910e-01,6.981158852577209473e-01,-1.255591750144958496e+00
-7.513716220855712891e-01,2.474025338888168335e-01,8.468199521303176880e-02,1.386459350585937500e+00,5.232432484626770020e-01,-6.726655364036560059e-01,2.095165014266967773e+00,-8.065480589866638184e-01,1.710261553525924683e-01,6.264647096395492554e-02,1.765277743339538574e+00,-1.280420780181884766e+00,4.401566982269287109e-01,6.175675392150878906e-01,4.320194721221923828e-01
-5.677677989006042480e-01,3.602186739444732666e-01,-1.145475134253501892e-01,-1.092808008193969727e+00,3.397625982761383057e-01,-5.402802824974060059e-01,7.443243265151977539e-01,-5.731832981109619141e-01,-1.140344381332397461e+00,5.971885919570922852e-01,5.507894754409790039e-01,-2.089402675628662109e+00,1.309476256370544434e+00,7.624773383140563965e-01,6.251915693283081055e-01
-6.805316805839538574e-01,-4.604576528072357178e-01,4.763834774494171143e-01,-8.554392457008361816e-01,3.468284010887145996e-01,-7.527154088020324707e-01,-3.131824433803558350e-01,6.591292023658752441e-01,-1.707323193550109863e+00,-2.514601945877075195e-01,6.426841616630554199e-01,-1.232675790786743164e+00,-7.426651120185852051e-01,-4.761398434638977051e-01,9.625571370124816895e-01
-8.762114048004150391e-01,-9.189926385879516602e-01,-6.531616449356079102e-01,4.816482067108154297e-01,-2.967539429664611816e-01,4.947438538074493408e-01,1.444801449775695801e+00,-8.659825325012207031e-01,-2.328464984893798828e-01,5.449865460395812988e-01,6.791658401489257812e-01,-8.157213330268859863e-01,-9.002575874328613281e-01,8.406991362571716309e-01,2.818288207054138184e-01
5.941926240921020508e-01,9.704062342643737793e-01,-1.224753618240356445e+00,-1.687289714813232422e+00,1.369277834892272949e+00,2.864886820316314697e-01,2.554448544979095459e-01,9.303649067878723145e-01,-7.565262913703918457e-01,6.033865213394165039e-01,-1.412574291229248047e+00,-1.879081487655639648e+00,3.157203197479248047e-01,-2.491555064916610718e-01,3.802349865436553955e-01
6.614367365837097168e-01,9.546174407005310059e-01,5.542593598365783691e-01,-2.839355468750000000e+00,9.867773056030273438e-01,-8.545439243316650391e-01,5.590316653251647949e-01,3.215654790401458740e-01,2.497125864028930664e-01,5.420447140932083130e-02,1.513413667678833008e+00,-8.233127593994140625e-01,-3.383319973945617676e-01,-1.596592545509338379e+00,1.500336229801177979e-01
4.616072475910186768e-01,-8.589286208152770996e-01,-1.976297378540039062e+00,-3.536934405565261841e-02,-4.345800876617431641e-01,1.039902448654174805e+00,1.420783251523971558e-01,-8.914813399314880371e-01,6.414723992347717285e-01,7.026771306991577148e-01,-1.630862355232238770e-01,-1.399152398109436035e+00,-4.556884169578552246e-01,2.313606739044189453e+00,-1.317148089408874512e+00
-2.242891192436218262e-01,6.215750575065612793e-01,-1.389883518218994141e+00,-1.530449628829956055e+00,8.633986711502075195e-01,2.452724277973175049e-01,2.303867489099502563e-01,-8.807250857353210449e-01,-1.158604860305786133e+00,8.567374944686889648e-01,8.052178472280502319e-02,1.201491951942443848e-01,-4.600396379828453064e-03,-2.876252532005310059e-01,5.521238446235656738e-01
-1.237680554389953613e+00,-9.714192152023315430e-01,-4.800215661525726318e-01,1.205892324447631836e+00,8.694380521774291992e-01,-3.334108591079711914e-01,8.261704444885253906e-01,-8.349052667617797852e-01,1.818923652172088623e-01,-7.024973630905151367e-01,-9.783500432968139648e-01,-2.332101464271545410e-01,-1.107273340225219727e+00,-9.817860722541809082e-01,1.803172707557678223e+00
-1.119807958602905273e+00,1.408011078834533691e+00,3.901636600494384766e-01,-5.561512112617492676e-01,5.342372059822082520e-01,-6.792975068092346191e-01,-3.936540782451629639e-01,9.924346804618835449e-01,-8.020711541175842285e-01,-1.448184251785278320e-01,4.204717874526977539e-01,-9.918450117111206055e-01,-3.909297585487365723e-01,1.235030516982078552e-01,6.386120319366455078e-01
-7.272380590438842773e-01,9.595608711242675781e-01,-5.775764584541320801e-01,-1.488797783851623535e+00,9.693875908851623535e-01,-8.764471113681793213e-02,-1.134224414825439453e+00,-1.417388796806335449e+00,2.682519257068634033e-01,2.005552351474761963e-01,5.122599601745605469e-01,-2.001868724822998047e+00,-6.637175083160400391e-01,-1.321159005165100098e+00,-1.026103049516677856e-01
-9.519062638282775879e-01,-1.460289210081100464e-01,3.532345294952392578e-01,3.886658847332000732e-01,-1.377013444900512695e+00,-7.694434523582458496e-01,9.766673445701599121e-01,-1.921126246452331543e+00,-4.701874554157257080e-01,4.082447886466979980e-01,-2.336248874664306641e+00,3.373045027256011963e-01,-1.247033119201660156e+00,-1.624904155731201172e+00,1.783383369445800781e+00
1.461398124694824219e+00,-2.894012331962585449e-01,-1.092098116874694824e+00,-5.084078907966613770e-01,-4.312860369682312012e-01,9.918043613433837891e-01,7.152143716812133789e-01,-6.338974237442016602e-01,9.726530313491821289e-02,-4.504273831844329834e-01,1.561348289251327515e-01,-1.145774483680725098e+00,1.180242374539375305e-02,7.917456030845642090e-01,3.324442207813262939e-01
4.659451544284820557e-01,1.566708564758300781e+00,-1.441346704959869385e-01,2.419833093881607056e-01,-1.204238533973693848e+00,1.576667189598083496e+00,1.138897895812988281e+00,-1.013271808624267578e+00,-2.632776796817779541e-01,8.612408041954040527e-01,2.574570775032043457e-01,-7.534978389739990234e-01,2.128753066062927246e-01,4.648809134960174561e-01,-4.372570514678955078e-01
-1.132043242454528809e+00,-1.643077969551086426e+00,1.429441690444946289e+00,4.258393347263336182e-01,-1.276030421257019043e+00,-1.201581358909606934e+00,6.066203713417053223e-01,-5.774520039558410645e-01,7.349694967269897461e-01,1.205865740776062012e+00,-1.427137732505798340e+00,-1.650317013263702393e-02,-1.747848987579345703e-01,-3.234530091285705566e-01,3.919491469860076904e-01
-1.454786300659179688e+00,3.677944839000701904e-01,4.686187207698822021e-01,-1.941576242446899414e+00,-6.054742336273193359e-01,-2.843382954597473145e-01,-4.542046487331390381e-01,2.361462593078613281e+00,-5.502806305885314941e-01,1.494754403829574585e-01,-5.232976078987121582e-01,-2.041077852249145508e+00,1.297435313463211060e-01,-4.955705702304840088e-01,1.289629578590393066e+00
-8.971878290176391602e-01,2.726037800312042236e-01,1.309206008911132812e+00,-2.303028345108032227e+00,-1.359171628952026367e+00,-2.295474290847778320e+00,9.223677515983581543e-01,-1.314172863960266113e+00,1.514057755470275879e+00,1.825300216674804688e+00,-9.380280375480651855e-01,1.281032085418701172e+00,-6.203925609588623047e-01,9.211506247520446777e-01,6.019779443740844727e-01
-1.777864098548889160e+00,-3.533008396625518799e-01,-1.500608205795288086e+00,4.583659470081329346e-01,8.858640193939208984e-01,-1.432944238185882568e-01,8.418288230895996094e-01,1.693163156509399414e+00,-3.664898574352264404e-01,-1.273051619529724121e+00,2.683635652065277100e-01,-1.382514357566833496e+00,-5.040374398231506348e-01,1.803813457489013672e+00,-2.617913484573364258e-01
-3.942680060863494873e-01,-7.043549418449401855e-01,-8.130680322647094727e-01,-5.885772407054901123e-02,4.537748694419860840e-01,5.888002365827560425e-02,2.666405141353607178e-01,-1.111809492111206055e+00,-1.476796984672546387e+00,1.800591349601745605e+00,1.257830858230590820e+00,-8.652811646461486816e-01,-6.382088065147399902e-01,7.399250864982604980e-01,5.298553705215454102e-01
-1.327676415443420410e+00,8.333619832992553711e-01,6.182938218116760254e-01,-1.423387885093688965e+00,-3.321408629417419434e-01,-1.926980465650558472e-01,1.808594465255737305e+00,8.882905244827270508e-01,6.458638310432434082e-01,-1.116919964551925659e-01,-2.167046517133712769e-01,-7.615858912467956543e-01,-1.593356847763061523e+00,-9.174103140830993652e-01,-1.622171998023986816e+00
4.498491063714027405e-02,4.512154459953308105e-01,-1.655980348587036133e+00,-1.232060074806213379e+00,3.965042829513549805e-01,7.993190288543701172e-01,-4.557828009128570557e-01,6.408761739730834961e-01,-1.421619772911071777e+00,1.259500812739133835e-02,-1.462998539209365845e-01,-1.858191609382629395e+00,3.430028259754180908e-01,-2.538669407367706299e-01,2.706036865711212158e-01
-3.288899958133697510e-01,1.942350715398788452e-01,-3.494907021522521973e-01,-6.096928715705871582e-01,1.120209693908691406e+00,9.348838925361633301e-01,-3.110424578189849854e-01,5.904131010174751282e-02,-9.457868933677673340e-01,8.897724747657775879e-01,7.714474797248840332e-01,-1.141920804977416992e+00,1.008201718330383301e+00,-1.028286695480346680e+00,-2.411318272352218628e-01
-1.448514938354492188e+00,-7.838454246520996094e-01,-8.637645840644836426e-01,5.493673682212829590e-01,8.426877111196517944e-02,-6.322342753410339355e-01,6.835920214653015137e-01,3.152080774307250977e-01,-1.348008751869201660e+00,1.862506270408630371e+00,1.676170110702514648e+00,2.825458943843841553e-01,2.662860155105590820e-01,7.803958654403686523e-01,1.116323828697204590e+00
7.007951736450195312e-01,9.804539382457733154e-02,-1.596332550048828125e+00,-2.067482948303222656e+00,3.169153034687042236e-01,2.615355849266052246e-01,-8.109648227691650391e-01,-8.978987485170364380e-02,4.354747831821441650e-01,7.783909440040588379e-01,-1.026999577879905701e-01,-2.081638574600219727e+00,-1.104084253311157227e+00,-1.641650795936584473e+00,-1.729319691658020020e+00
-1.038017392158508301e+00,-5.992487072944641113e-01,-7.424963265657424927e-02,-1.245138287544250488e+00,4.500740170478820801e-01,5.582558512687683105e-01,-4.146733880043029785e-01,5.907563567161560059e-01,-1.092982292175292969e+00,8.485205173492431641e-01,9.245357513427734375e-01,-8.613048195838928223e-01,-8.538283705711364746e-01,1.209821030497550964e-01,2.733995914459228516e-01
-9.345010519027709961e-01,2.561246752738952637e-01,-1.183536410331726074e+00,5.033026337623596191e-01,8.805823326110839844e-01,-1.196785211563110352e+00,2.641271352767944336e-01,-3.369679152965545654e-01,-2.266501784324645996e-01,1.423434853553771973e+00,1.220270872116088867e+00,-6.878594309091567993e-02,1.367307186126708984e+00,-5.315127968788146973e-01,1.258160233497619629e+00
-1.558909099549055099e-02,-1.440441459417343140e-01,3.190849348902702332e-02,-1.076983213424682617e+00,1.637887768447399139e-02,3.619423210620880127e-01,5.656093731522560120e-02,-3.096528053283691406e-01,2.670447714626789093e-02,-4.047453999519348145e-01,1.740002632141113281e+00,1.424146030331030488e-04,2.574653863906860352e+00,3.630007207393646240e-01,1.182043924927711487e-01
